,0,1,2,3,4,5,6,7,8,9,10,11,12,13,14,15,16,17,18,19,20,21,22
0,121196,71052,12154,35906,119134,105493,166963,17681,111662,98692,629830,117548,0,16181,112969,0,0,0,0,0,137402,69413,21420
1,118977,69752,11932,35248,118873,105262,166597,18102,114316,101037,644799,120341,0,16360,114218,0,0,0,0,0,137370,67874,20945
2,111488,65361,11181,33030,118314,104767,165814,16486,104116,92022,587266,109604,0,15317,106940,0,0,0,0,0,132321,66061,20385
3,112101,65720,11242,33211,119014,105386,166795,17664,111550,98592,629194,117429,0,16156,112795,0,0,0,0,0,135863,68034,20994
4,90720,53186,9098,26877,117983,104473,165350,13930,87975,77756,496222,92612,0,14517,101354,0,0,0,0,0,112118,64951,20043
5,87026,51020,8727,25782,117270,103842,164350,12007,75828,67020,427706,79824,0,13598,94936,0,0,0,0,0,101521,64366,19862
6,111046,65102,11137,32899,118341,104791,165852,15110,95422,84338,538229,100452,0,14931,104243,0,0,0,0,0,120822,68293,21074
7,132441,77645,13282,39237,118678,105089,166324,17964,113447,100269,639896,119426,0,16328,113994,0,0,0,0,0,137628,69250,21369
8,112808,66135,11313,33421,118311,104764,165810,15350,96938,85678,546779,102048,0,15516,108325,0,0,0,0,0,121618,66315,20463
9,67509,39578,6770,20000,116795,103422,163685,9859,62263,55030,351193,65544,0,12025,83954,0,0,0,0,0,88090,59907,18486
10,64822,38003,6501,19204,117099,103691,164112,11014,69556,61476,392328,73222,0,13170,91948,0,0,0,0,0,91999,60583,18695
11,73639,43172,7385,21816,117668,104195,164909,12330,77867,68822,439210,81972,0,13876,96877,0,0,0,0,0,98720,64513,19908
12,85010,49838,8525,25185,117644,104174,164875,14713,92920,82126,524114,97817,0,14963,104466,0,0,0,0,0,117704,65568,20233
13,94313,55292,9458,27941,118502,104933,166078,16580,104709,92547,590612,110228,0,15934,111243,0,0,0,0,0,124202,68745,21213
14,71996,42208,7220,21329,118565,104989,166165,12753,80538,71183,454276,84783,0,15593,108864,0,0,0,0,0,100625,66694,20580
15,82461,48344,8270,24430,118348,104797,165862,14365,90717,80180,511689,95499,0,15174,105939,0,0,0,0,0,111501,66707,20585
16,83019,48671,8326,24595,118760,105162,166439,14810,93530,82665,527554,98459,0,15661,109336,0,0,0,0,0,113892,67388,20795
17,109391,64132,10971,32408,118512,104942,166092,17062,107751,95235,607770,113431,0,15933,111240,0,0,0,0,0,130999,66548,20535
18,129891,76151,13027,38482,118913,105297,166653,19149,120932,106885,682116,127306,0,17379,121332,0,0,0,0,0,146428,70767,21837
19,119105,69827,11945,35286,118695,105104,166347,17650,111462,98515,628702,117337,0,16477,115034,0,0,0,0,0,138349,68382,21101
20,119550,70088,11989,35418,118310,104763,165808,17350,109568,96841,618016,115343,0,16501,115204,0,0,0,0,0,135037,66440,20502
21,89002,52178,8926,26368,117727,104247,164991,13835,87374,77225,492834,91980,0,14244,99445,0,0,0,0,0,111400,64878,20020
22,66395,38925,6658,19670,117087,103681,164095,11171,70551,62356,397940,74269,0,13253,92530,0,0,0,0,0,91960,61768,19060
23,54167,31756,5432,16047,116474,103138,163235,8579,54183,47889,305618,57038,0,11658,81395,0,0,0,0,0,78753,61508,18980
24,64550,37843,6473,19124,117635,104165,164862,10834,68417,60470,385909,72024,0,13397,93531,0,0,0,0,0,91455,64846,20010
25,68785,40326,6898,20378,117102,103694,164115,10569,66746,58993,376480,70264,0,12833,89599,0,0,0,0,0,89450,61381,18941
26,62581,36689,6276,18540,117400,103957,164533,10343,65320,57733,368440,68763,0,12926,90247,0,0,0,0,0,88204,62051,19148
27,56285,32998,5644,16675,117344,103908,164454,9566,60414,53397,340768,63599,0,12773,89178,0,0,0,0,0,81231,61645,19022
28,42264,24777,4238,12521,116990,103595,163959,7262,45861,40534,258681,48278,0,11953,83454,0,0,0,0,0,67430,63663,19645
29,44006,25799,4413,13037,118011,104499,165390,9925,62683,55402,353563,65987,0,13709,95712,0,0,0,0,0,76191,67998,20983
30,101918,59751,10221,30194,119238,105585,167109,17109,108050,95499,609456,113745,0,16065,112158,0,0,0,0,0,129047,71018,21915
31,87644,51382,8789,25965,114549,101433,160537,14526,91737,81081,517442,96572,0,15505,108250,0,0,0,0,0,110693,67760,20909
32,123939,72661,12430,36718,115821,102559,162319,20011,126374,111695,712813,133035,0,17762,124008,0,0,0,0,0,141606,73091,22555
33,120003,70353,12035,35552,115996,102714,162565,19269,121686,107551,686368,128100,0,17840,124551,0,0,0,0,0,144756,72669,22424
34,100851,59125,10114,29878,114477,101369,160436,15788,99702,88121,562371,104958,0,15717,109733,0,0,0,0,0,120689,68799,21230
35,146380,85817,14680,43367,115403,102189,161734,22273,140661,124322,793398,148075,0,18254,127445,0,0,0,0,0,161085,72013,22222
36,106196,62259,10650,31462,115675,102430,162115,17704,111807,98820,630647,117700,0,16982,118561,0,0,0,0,0,130216,69915,21574
37,94913,55644,9518,28119,114711,101576,160765,13940,88033,77808,496552,92674,0,15325,106993,0,0,0,0,0,114586,66173,20420
38,76421,44802,7664,22640,114068,101007,159863,12442,78578,69450,443216,82719,0,14145,98757,0,0,0,0,0,101341,65742,20287
39,88430,51843,8868,26198,114731,101594,160792,15684,99051,87545,558696,104272,0,15749,109954,0,0,0,0,0,115738,70057,21618
40,80421,47148,8065,23826,114594,101473,160600,14617,92309,81587,520670,97175,0,15645,109227,0,0,0,0,0,117609,68836,21242
41,99532,58352,9982,29487,114279,101194,160159,16471,104018,91935,586712,109501,0,15941,111291,0,0,0,0,0,120337,72252,22296
42,117149,68680,11749,34707,115868,102600,162385,19017,120098,106147,677410,126428,0,17728,123773,0,0,0,0,0,139880,70892,21876
43,117919,69131,11826,34935,114885,101730,161008,17204,108645,96025,612812,114372,0,16055,112093,0,0,0,0,0,131184,70950,21894
44,134405,78797,13479,39819,115912,102640,162447,20565,129872,114786,732539,136717,0,17444,121786,0,0,0,0,0,156516,71504,22065
45,87614,51365,8787,25957,113188,100227,158629,13048,82403,72831,464792,86746,0,13562,94686,0,0,0,0,0,106016,62595,19315
46,54356,31867,5451,16103,111897,99085,156821,8532,53881,47622,303917,56721,0,11665,81439,0,0,0,0,0,74593,59950,18499
47,84243,49388,8448,24958,113200,100239,158647,14526,91735,81079,517432,96570,0,14490,101167,0,0,0,0,0,123138,65135,20099
48,102888,60320,10318,30482,113998,100945,159765,15954,100753,89050,568299,106064,0,14555,101620,0,0,0,0,0,117539,69113,21327
49,80238,47040,8047,23771,113592,100586,159196,13223,83504,73805,471006,87906,0,14071,98241,0,0,0,0,0,106486,66798,20613
50,55698,32654,5586,16501,112620,99724,157833,10367,65473,57868,369303,68924,0,12719,88797,0,0,0,0,0,85415,60838,18773
51,40940,24002,4106,12129,111527,98757,156301,7084,44736,39539,252333,47094,0,11056,77188,0,0,0,0,0,65118,58457,18039
52,52911,31020,5306,15675,112069,99237,157062,8514,53770,47524,303289,56604,0,11866,82842,0,0,0,0,0,73835,63583,19621
53,82670,48467,8291,24492,113008,100069,158378,12869,81271,71831,458411,85555,0,13890,96975,0,0,0,0,0,102648,65785,20300
54,88540,51907,8879,26231,113674,100658,159311,14779,93333,82492,526444,98252,0,14420,100674,0,0,0,0,0,115230,65666,20263
55,70548,41360,7075,20900,112606,99712,157814,11656,73615,65064,415223,77495,0,12828,89561,0,0,0,0,0,98443,60421,18645
56,47135,27633,4727,13964,111834,99028,156732,7486,47275,41784,266658,49767,0,11486,80193,0,0,0,0,0,68555,58055,17915
57,78817,46208,7904,23350,111733,98939,156590,9909,62578,55309,352974,65877,0,12380,86434,0,0,0,0,0,84846,61650,19024
58,121044,70963,12139,35861,113852,100815,159560,17754,112123,99099,632431,118033,0,16189,113023,0,0,0,0,0,134983,67572,20852
59,106917,62681,10722,31675,121876,107921,170806,15625,98679,87217,556599,103880,0,15890,110938,0,0,0,0,0,124046,65648,20258
60,86220,50547,8647,25543,121311,107420,170014,13230,83550,73845,471264,87954,0,14455,100922,0,0,0,0,0,106566,63924,19726
61,50173,29414,5031,14864,119858,106134,167978,8464,53451,47242,301491,56268,0,11793,82334,0,0,0,0,0,74543,58698,18113
62,102783,60258,10308,30451,121607,107682,170428,14770,93278,82443,526131,98194,0,15092,105364,0,0,0,0,0,112863,67480,20823
63,140829,82563,14124,41722,122821,108757,172130,19915,125768,111159,709394,132397,0,17099,119381,0,0,0,0,0,152519,69898,21569
64,91116,53418,9138,26994,122261,108261,171345,15221,96123,84958,542181,101189,0,15622,109066,0,0,0,0,0,114126,65795,20303
65,62644,36726,6282,18559,121287,107399,169980,11396,71970,63610,405944,75763,0,13799,96340,0,0,0,0,0,87008,63750,19672
66,64959,38083,6514,19245,121394,107494,170130,10906,68877,60877,388502,72508,0,13848,96681,0,0,0,0,0,86476,61906,19103
67,40142,23533,4025,11892,120167,106408,168411,7738,48866,43190,275629,51442,0,11963,83525,0,0,0,0,0,67425,56700,17497
68,71983,42201,7219,21325,120575,106769,168983,9959,62896,55590,354767,66211,0,12656,88360,0,0,0,0,0,81635,62730,19357
69,113907,66779,11423,33746,122314,108308,171419,17373,109712,96969,618832,115495,0,16143,112705,0,0,0,0,0,132017,67423,20805
70,89587,52522,8984,26541,121470,107561,170237,13883,87674,77490,494524,92295,0,14636,102184,0,0,0,0,0,109116,62749,19363
71,89949,52734,9021,26648,120835,106999,169347,12204,77069,68117,434709,81131,0,13681,95516,0,0,0,0,0,104813,59683,18417
72,50540,29630,5068,14973,119910,106180,168051,8169,51588,45595,290981,54307,0,11713,81777,0,0,0,0,0,70039,58681,18108
73,49029,28743,4917,14525,121358,107462,170080,8508,53734,47493,303089,56567,0,13090,91391,0,0,0,0,0,76204,62423,19262
74,55161,32339,5532,16342,121677,107744,170527,9872,62345,55104,351660,65632,0,13523,94410,0,0,0,0,0,82687,63619,19632
75,104597,61321,10490,30988,121700,107765,170559,15407,97301,85998,548824,102429,0,14633,102161,0,0,0,0,0,119525,64123,19787
76,117655,68977,11799,34857,121827,107877,170737,16483,104096,92004,587150,109582,0,15543,108513,0,0,0,0,0,133407,65127,20097
77,84004,49249,8424,24887,121417,107514,170162,14690,92772,81996,523279,97662,0,15033,104953,0,0,0,0,0,115802,63522,19602
78,109711,64319,11003,32503,121573,107653,170382,15569,98323,86902,554591,103505,0,15342,107113,0,0,0,0,0,125380,64456,19890
79,80511,47200,8074,23852,120740,106915,169214,12025,75945,67123,428365,79947,0,13349,93195,0,0,0,0,0,100367,62589,19314
80,148829,87253,14926,44092,123451,109315,173013,21812,137750,121749,776974,145010,0,18267,127534,0,0,0,0,0,158971,72628,22412
81,115379,67642,11571,34182,122726,108673,171997,18094,114270,100996,644537,120293,0,16531,115410,0,0,0,0,0,137108,66821,20620
82,72086,42261,7229,21356,121725,107787,170594,11863,74918,66216,422576,78867,0,14157,98836,0,0,0,0,0,93327,64926,20035
83,76534,44869,7675,22674,121589,107667,170404,13035,82321,72758,464329,86660,0,14227,99330,0,0,0,0,0,100639,66786,20609
84,99579,58380,9987,29501,121600,107677,170419,13579,85754,75793,483696,90274,0,14930,104238,0,0,0,0,0,110853,65992,20364
85,53279,31236,5343,15784,120387,106603,168720,8371,52863,46723,298176,55650,0,12573,87782,0,0,0,0,0,73549,61554,18994
86,68200,39983,6839,20205,120247,106478,168522,10014,63241,55895,356709,66574,0,12622,88122,0,0,0,0,0,85902,60465,18658
87,59454,34855,5962,17614,120032,106288,168222,9290,58670,51855,330929,61762,0,12356,86265,0,0,0,0,0,82444,58599,18082
88,38368,22493,3848,11367,119445,105768,167398,6850,43260,38235,244011,45541,0,10953,76468,0,0,0,0,0,65196,55204,17035
89,38993,22860,3910,11552,119217,105566,167079,6809,43003,38008,242560,45270,0,10851,75757,0,0,0,0,0,65507,56320,17379
90,33832,19834,3393,10023,66871,59214,93718,6278,39651,35045,223652,41741,0,7738,54028,0,0,0,0,0,52264,43641,13467
91,43553,25533,4368,12903,66731,59090,93521,6567,41474,36656,233934,43660,0,7904,55185,0,0,0,0,0,57191,44894,13853
92,31349,18379,3144,9287,66597,58971,93334,5291,33416,29535,188485,35178,0,7478,52213,0,0,0,0,0,47188,44538,13744
93,57112,33483,5727,16920,67469,59743,94556,8258,52156,46097,294185,54905,0,9178,64077,0,0,0,0,0,67739,48215,14878
94,75049,43998,7526,22234,67768,60008,94975,10733,67781,59907,382317,71353,0,9973,69630,0,0,0,0,0,83593,48581,14991
95,76423,44804,7664,22641,67901,60126,95162,11227,70904,62668,399932,74641,0,10120,70654,0,0,0,0,0,87476,49655,15322
96,72556,42537,7276,21495,68260,60444,95664,11632,73463,64929,414366,77335,0,10286,71815,0,0,0,0,0,90039,48009,14814
97,39017,22874,3913,11559,67043,59366,93958,6983,44103,38980,248765,46428,0,8169,57034,0,0,0,0,0,57079,44334,13680
98,26840,15735,2691,7951,66480,58868,93171,4642,29320,25914,165379,30865,0,7013,48966,0,0,0,0,0,42924,42401,13084
99,25525,14964,2559,7562,66288,58698,92901,4274,26991,23856,152247,28414,0,6876,48011,0,0,0,0,0,40615,42820,13213
100,30253,17736,3034,8962,66643,59012,93398,5420,34228,30252,193066,36032,0,7653,53429,0,0,0,0,0,46981,43494,13421
101,34977,20506,3507,10362,66564,58942,93288,5540,34989,30925,197356,36833,0,7695,53725,0,0,0,0,0,49530,41694,12866
102,25310,14838,2538,7498,66158,58583,92718,4040,25517,22553,143931,26862,0,6686,46683,0,0,0,0,0,40173,41088,12679
103,21845,12807,2190,6472,66198,58618,92775,3764,23770,21009,134077,25023,0,6663,46518,0,0,0,0,0,37628,41233,12724
104,20920,12265,2098,6198,66509,58894,93211,3910,24694,21825,139285,25995,0,6950,48527,0,0,0,0,0,37946,41058,12670
105,19350,11344,1940,5732,66355,58757,92994,3820,24125,21323,136078,25396,0,6797,47453,0,0,0,0,0,36601,40513,12502
106,18322,10741,1837,5428,66036,58475,92548,3240,20466,18089,115439,21545,0,6486,45285,0,0,0,0,0,34858,40278,12429
107,17882,10483,1793,5297,66215,58633,92798,3469,21911,19366,123591,23066,0,6570,45873,0,0,0,0,0,34975,40335,12447
108,18983,11129,1903,5624,66309,58716,92930,3739,23616,20873,133207,24861,0,6683,46663,0,0,0,0,0,36494,40389,12463
109,19361,11351,1941,5736,66192,58613,92766,3488,22032,19473,124274,23193,0,6617,46202,0,0,0,0,0,35691,41104,12684
110,25050,14685,2512,7421,66708,59070,93490,4726,29850,26383,168372,31424,0,7517,52482,0,0,0,0,0,42099,45158,13935
111,39113,22930,3922,11587,67718,59964,94905,8840,55826,49341,314886,58768,0,10177,71053,0,0,0,0,0,67972,47905,14782
112,49643,29104,4978,14707,67025,59350,93933,8022,50661,44776,285752,53331,0,8783,61324,0,0,0,0,0,66077,44849,13839
113,37857,22194,3796,11215,66750,59107,93548,6337,40023,35374,225751,42133,0,7912,55239,0,0,0,0,0,56543,43060,13287
114,37418,21937,3752,11085,66730,59090,93521,6095,38492,34021,217117,40521,0,8084,56440,0,0,0,0,0,54628,42774,13199
115,43474,25487,4360,12879,66931,59267,93802,7508,47419,41910,267465,49918,0,8560,59765,0,0,0,0,0,62316,44797,13823
116,39422,23111,3953,11679,66801,59152,93620,6332,39989,35344,225561,42097,0,8085,56447,0,0,0,0,0,57620,44244,13653
117,36340,21305,3644,10766,67554,59819,94675,6992,44158,39029,249074,46485,0,8960,62559,0,0,0,0,0,57744,47511,14661
118,42946,25177,4307,12723,68029,60240,95341,9085,57373,50709,323615,60397,0,9912,69204,0,0,0,0,0,74339,47792,14748
119,40871,23961,4099,12108,67088,59406,94022,6982,44093,38971,248708,46417,0,8205,57288,0,0,0,0,0,59258,44108,13611
120,29404,17239,2949,8711,50770,44956,71152,4684,29585,26148,166873,31144,0,6285,43881,0,0,0,0,0,40612,33879,10454
121,30697,17996,3078,9094,50930,45098,71377,5228,33021,29185,186254,34761,0,6756,47171,0,0,0,0,0,43764,34815,10743
122,29040,17025,2912,8603,50779,44964,71165,4681,29566,26131,166767,31124,0,6294,43944,0,0,0,0,0,38604,34230,10563
123,26445,15504,2652,7834,50592,44799,70904,3970,25076,22164,141445,26398,0,5889,41117,0,0,0,0,0,36541,33069,10204
124,22035,12918,2209,6528,50477,44698,70743,3563,22505,19891,126943,23692,0,5721,39946,0,0,0,0,0,33540,32666,10080
125,20750,12165,2081,6147,50359,44593,70577,3291,20788,18373,117257,21884,0,5584,38986,0,0,0,0,0,31616,31895,9842
126,19028,11155,1908,5637,50323,44561,70527,2986,18857,16666,106363,19851,0,5436,37951,0,0,0,0,0,29648,31875,9836
127,18181,10659,1823,5386,50370,44603,70593,2936,18542,16388,104587,19519,0,5485,38295,0,0,0,0,0,28589,32219,9942
128,24337,14268,2440,7210,50481,44701,70748,3847,24299,21476,137060,25580,0,5837,40757,0,0,0,0,0,35085,32642,10072
129,19917,11677,1997,5900,50372,44604,70595,3138,19817,17515,111778,20861,0,5541,38690,0,0,0,0,0,30270,32104,9906
130,20113,11791,2017,5958,50367,44599,70588,3112,19658,17374,110881,20694,0,5549,38745,0,0,0,0,0,30059,32412,10002
131,24859,14574,2493,7365,50434,44659,70682,3802,24015,21225,135457,25281,0,5909,41253,0,0,0,0,0,35509,33079,10207
132,35072,20561,3517,10390,50845,45023,71258,5480,34607,30587,195200,36431,0,6654,46457,0,0,0,0,0,45736,34561,10665
133,29067,17041,2915,8611,50797,44981,71191,4548,28721,25385,162003,30235,0,6304,44011,0,0,0,0,0,39251,34314,10588
134,28289,16585,2837,8381,50738,44928,71108,4492,28367,25072,160008,29863,0,6188,43206,0,0,0,0,0,38642,34196,10552
135,21223,12442,2128,6287,50446,44670,70698,3367,21263,18793,119934,22384,0,5690,39730,0,0,0,0,0,32077,32574,10052
136,17700,10377,1775,5244,50391,44621,70622,2782,17569,15528,99098,18495,0,5358,37407,0,0,0,0,0,27952,32162,9925
137,33024,19361,3312,9784,50661,44860,71000,5570,35177,31091,198417,37031,0,6962,48611,0,0,0,0,0,45550,33718,10405
138,31980,18748,3207,9474,50615,44820,70936,4757,30045,26555,169467,31628,0,6516,45497,0,0,0,0,0,41745,33801,10430
139,31162,18269,3125,9232,50503,44720,70779,4380,27660,24447,156017,29118,0,6346,44308,0,0,0,0,0,39954,33655,10385
140,29280,17166,2936,8674,50467,44688,70728,4079,25762,22770,145313,27120,0,6086,42491,0,0,0,0,0,38718,32966,10172
141,23650,13865,2371,7006,50415,44642,70655,3508,22158,19585,124987,23326,0,5743,40097,0,0,0,0,0,33863,32869,10143
142,20496,12016,2055,6072,50327,44565,70532,3145,19863,17556,112039,20910,0,5496,38375,0,0,0,0,0,30961,32030,9884
143,18198,10669,1825,5391,50267,44511,70448,2849,17995,15904,101501,18943,0,5414,37799,0,0,0,0,0,29167,31782,9807
144,17913,10502,1796,5307,50280,44522,70466,2840,17937,15853,101175,18882,0,5442,37996,0,0,0,0,0,27903,32172,9928
145,19257,11289,1931,5705,50362,44596,70581,3135,19798,17498,111670,20841,0,5495,38363,0,0,0,0,0,30626,31917,9849
146,18054,10584,1810,5348,50274,44518,70458,2749,17361,15345,97928,18276,0,5411,37781,0,0,0,0,0,28076,31874,9836
147,16954,9939,1700,5023,50289,44531,70479,2608,16473,14560,92920,17342,0,5332,37231,0,0,0,0,0,27456,31630,9760
148,16794,9846,1684,4975,50230,44479,70396,2647,16721,14779,94318,17603,0,5343,37307,0,0,0,0,0,27281,31585,9746
149,16717,9800,1676,4952,50223,44473,70387,2633,16632,14700,93813,17508,0,5371,37503,0,0,0,0,0,27561,31607,9753
150,16443,9640,1649,4871,50293,44534,70484,2588,16349,14450,92217,17210,0,5308,37057,0,0,0,0,0,27169,31595,9750
151,13796,8088,1383,4087,38079,33719,53367,2427,15332,13551,86480,16140,0,4332,30245,0,0,0,0,0,23500,28840,8899
152,14007,8211,1404,4149,38147,33779,53462,2429,15339,13557,86522,16148,0,4375,30549,0,0,0,0,0,23383,28702,8857
153,14690,8612,1473,4352,38177,33806,53504,2619,16540,14618,93293,17411,0,4496,31394,0,0,0,0,0,24030,29229,9019
154,14690,8612,1473,4352,38124,33758,53429,2650,16741,14796,94428,17623,0,4500,31422,0,0,0,0,0,24671,29253,9027
155,13967,8188,1400,4137,38143,33776,53457,2469,15594,13783,87962,16416,0,4366,30481,0,0,0,0,0,23265,28701,8856
156,13810,8096,1385,4091,38161,33792,53482,2511,15861,14018,89465,16697,0,4373,30530,0,0,0,0,0,24062,28845,8901
157,15306,8973,1535,4534,38132,33766,53442,3009,19003,16796,107190,20005,0,4486,31320,0,0,0,0,0,27210,28949,8933
158,15693,9200,1573,4649,38226,33849,53573,2928,18491,16343,104300,19466,0,4543,31721,0,0,0,0,0,27113,28957,8936
159,14768,8658,1481,4375,38077,33717,53364,2636,16650,14716,93916,17528,0,4394,30677,0,0,0,0,0,24767,28681,8850
160,13567,7954,1360,4019,38088,33727,53380,2428,15333,13552,86488,16141,0,4368,30497,0,0,0,0,0,23323,28744,8870
161,13628,7990,1366,4037,38078,33718,53366,2450,15475,13677,87287,16290,0,4375,30549,0,0,0,0,0,23677,28754,8873
162,13665,8011,1370,4048,38264,33883,53627,2702,17068,15086,96275,17968,0,4570,31907,0,0,0,0,0,23820,28832,8897
163,14424,8456,1446,4273,38226,33849,53573,2784,17582,15540,99172,18509,0,4495,31381,0,0,0,0,0,25531,28765,8876
164,15345,8996,1539,4546,38133,33767,53443,2721,17183,15187,96925,18089,0,4413,30811,0,0,0,0,0,25637,28818,8892
165,17062,10002,1711,5054,38273,33890,53638,3438,21715,19193,122485,22860,0,4741,33103,0,0,0,0,0,29218,29033,8959
166,15139,8875,1518,4485,38371,33978,53776,3049,19257,17020,108619,20272,0,4705,32852,0,0,0,0,0,27150,29281,9035
167,14168,8306,1420,4197,38185,33813,53515,2531,15986,14129,90172,16829,0,4448,31057,0,0,0,0,0,23660,28884,8913
168,14021,8220,1406,4154,38120,33755,53425,2472,15614,13801,88074,16437,0,4391,30662,0,0,0,0,0,23725,28760,8875
169,13637,7995,1367,4040,38087,33726,53378,2406,15195,13430,85707,15995,0,4404,30752,0,0,0,0,0,23272,28790,8884
170,13849,8119,1389,4103,38068,33709,53351,2445,15446,13652,87123,16260,0,4338,30289,0,0,0,0,0,23136,28710,8859
171,13320,7809,1335,3946,38057,33700,53336,2408,15211,13444,85802,16013,0,4372,30527,0,0,0,0,0,23465,28668,8846
172,13238,7761,1327,3922,38095,33733,53389,2374,14996,13254,84585,15786,0,4336,30272,0,0,0,0,0,23053,28682,8850
173,13234,7759,1327,3920,38081,33721,53370,2365,14935,13200,84241,15722,0,4360,30440,0,0,0,0,0,23026,28674,8848
174,13230,7756,1326,3919,38091,33729,53383,2350,14846,13122,83742,15629,0,4346,30344,0,0,0,0,0,22683,28649,8840
175,13352,7828,1339,3955,38101,33738,53398,2383,15049,13301,84886,15842,0,4336,30277,0,0,0,0,0,22822,28732,8866
176,13243,7764,1328,3923,38114,33750,53416,2355,14872,13144,83888,15656,0,4328,30221,0,0,0,0,0,22456,28686,8852
177,13225,7753,1326,3918,38063,33704,53344,2363,14927,13193,84196,15713,0,4347,30353,0,0,0,0,0,22834,28649,8840
178,13308,7802,1334,3942,38140,33773,53452,2360,14907,13175,84083,15692,0,4333,30257,0,0,0,0,0,22795,28661,8844
179,13187,7731,1322,3907,38021,33667,53285,2364,14930,13196,84215,15717,0,4317,30139,0,0,0,0,0,23081,28599,8825
180,13372,7839,1341,3961,38052,33695,53329,2367,14952,13215,84337,15740,0,4332,30246,0,0,0,0,0,22607,28700,8856
181,14958,8769,1500,4431,35040,31028,49108,2365,14938,13203,84261,15726,0,4031,28147,0,0,0,0,0,21389,29229,9019
182,14931,8753,1497,4423,35075,31058,49156,2369,14961,13223,84391,15750,0,4017,28048,0,0,0,0,0,21148,29172,9002
183,14539,8524,1458,4307,35038,31026,49105,2366,14942,13206,84282,15730,0,4018,28056,0,0,0,0,0,21000,29171,9001
184,14761,8653,1480,4373,35037,31025,49104,2338,14770,13055,83314,15549,0,4025,28102,0,0,0,0,0,21143,29202,9011
185,14912,8742,1495,4417,35099,31080,49190,2358,14892,13162,84001,15677,0,4035,28170,0,0,0,0,0,21208,29139,8992
186,14664,8597,1470,4344,35067,31052,49146,2360,14908,13176,84088,15693,0,4012,28010,0,0,0,0,0,21253,29235,9021
187,14776,8663,1481,4377,35116,31095,49214,2351,14852,13126,83772,15634,0,4016,28041,0,0,0,0,0,21397,29182,9005
188,14838,8699,1488,4396,35047,31034,49118,2370,14969,13231,84437,15758,0,4051,28284,0,0,0,0,0,21379,29150,8995
189,14880,8723,1492,4408,35049,31036,49121,2358,14895,13165,84019,15681,0,4029,28134,0,0,0,0,0,21181,29229,9019
190,14788,8670,1483,4381,35111,31091,49207,2333,14737,13025,83125,15514,0,4041,28217,0,0,0,0,0,21137,29234,9021
191,15038,8816,1508,4455,35048,31035,49119,2394,15121,13364,85290,15918,0,4066,28391,0,0,0,0,0,21506,29395,9071
192,14974,8778,1501,4436,35070,31054,49150,2403,15180,13417,85624,15980,0,4029,28131,0,0,0,0,0,21714,29281,9036
193,14965,8773,1500,4433,35076,31059,49158,2356,14883,13155,83952,15668,0,4029,28130,0,0,0,0,0,21140,29228,9019
194,14700,8618,1474,4355,35047,31034,49117,2360,14906,13174,84079,15692,0,4002,27945,0,0,0,0,0,21526,29182,9005
195,14955,8767,1499,4430,35023,31013,49084,2347,14827,13105,83633,15608,0,4032,28152,0,0,0,0,0,21483,29209,9013
196,14499,8500,1454,4295,35049,31035,49120,2352,14858,13132,83808,15641,0,4016,28040,0,0,0,0,0,21480,29293,9039
197,14658,8593,1470,4342,35059,31045,49134,2385,15064,13314,84971,15858,0,4020,28066,0,0,0,0,0,21571,29213,9014
198,14482,8490,1452,4290,35039,31027,49106,2362,14920,13187,84159,15707,0,4018,28056,0,0,0,0,0,21043,29151,8995
199,14521,8513,1456,4302,35027,31017,49090,2346,14820,13099,83595,15601,0,4004,27960,0,0,0,0,0,21223,29344,9055
200,14587,8552,1463,4321,35044,31031,49113,2349,14836,13113,83685,15618,0,4031,28148,0,0,0,0,0,21033,29199,9010
201,14590,8553,1463,4322,35073,31057,49154,2352,14858,13132,83810,15642,0,4028,28123,0,0,0,0,0,21494,29247,9025
202,14700,8618,1474,4355,35042,31029,49110,2355,14873,13146,83895,15657,0,4021,28076,0,0,0,0,0,21076,29171,9002
203,14586,8551,1462,4321,35040,31028,49108,2344,14805,13086,83512,15586,0,4011,28003,0,0,0,0,0,20791,29342,9054
204,14690,8612,1473,4352,35031,31020,49095,2351,14849,13124,83759,15632,0,3991,27865,0,0,0,0,0,21571,29241,9023
205,14767,8657,1481,4375,35111,31091,49208,2391,15100,13346,85175,15896,0,4055,28309,0,0,0,0,0,21563,29194,9008
206,14614,8568,1465,4329,35085,31067,49170,2391,15104,13349,85195,15900,0,4035,28173,0,0,0,0,0,21756,29243,9024
207,14789,8670,1483,4381,35019,31009,49078,2342,14794,13075,83445,15573,0,4026,28109,0,0,0,0,0,21288,29271,9032
208,14620,8571,1466,4331,35107,31087,49202,2347,14825,13103,83624,15607,0,4030,28137,0,0,0,0,0,21083,29175,9003
209,14646,8586,1468,4339,35049,31035,49120,2349,14834,13111,83674,15616,0,4053,28302,0,0,0,0,0,21256,29283,9036
210,14443,8467,1448,4279,35053,31040,49127,2338,14766,13051,83291,15545,0,4018,28053,0,0,0,0,0,21148,29153,8996
211,14658,8593,1470,4342,35096,31078,49187,2344,14804,13084,83505,15584,0,4021,28074,0,0,0,0,0,21317,29139,8991
212,15370,9010,1541,4553,36541,32357,51211,2326,14689,12983,82854,15463,0,4196,29296,0,0,0,0,0,21669,27920,8615
213,14942,8760,1498,4426,36563,32376,51242,2322,14666,12962,82725,15439,0,4216,29440,0,0,0,0,0,21834,27955,8626
214,15309,8975,1535,4535,36548,32363,51221,2337,14760,13045,83253,15537,0,4191,29260,0,0,0,0,0,21528,27944,8623
215,15321,8982,1536,4539,36506,32326,51163,2331,14723,13013,83049,15499,0,4189,29248,0,0,0,0,0,21432,27860,8597
216,15389,9022,1543,4559,36516,32335,51177,2322,14665,12961,82719,15438,0,4203,29349,0,0,0,0,0,21302,27931,8619
217,15386,9020,1543,4558,36512,32331,51171,2351,14850,13125,83765,15633,0,4190,29256,0,0,0,0,0,21682,27958,8627
218,15321,8982,1536,4539,36578,32389,51263,2356,14881,13153,83940,15666,0,4207,29377,0,0,0,0,0,21522,27910,8612
219,15207,8915,1525,4505,36511,32330,51169,2326,14691,12984,82864,15465,0,4191,29265,0,0,0,0,0,21719,27998,8639
220,15491,9082,1553,4589,36545,32361,51218,2341,14785,13068,83397,15564,0,4205,29360,0,0,0,0,0,21635,27941,8622
221,15289,8963,1533,4529,36539,32355,51209,2333,14738,13026,83133,15515,0,4177,29161,0,0,0,0,0,21596,27882,8604
222,15142,8877,1518,4486,36537,32354,51206,2334,14741,13028,83147,15518,0,4203,29345,0,0,0,0,0,21761,27934,8620
223,15380,9016,1542,4556,36594,32404,51286,2331,14726,13016,83065,15502,0,4192,29271,0,0,0,0,0,21576,27922,8616
224,15313,8977,1535,4536,36500,32320,51153,2331,14723,13013,83048,15499,0,4177,29166,0,0,0,0,0,21421,27952,8625
225,15232,8930,1527,4512,36531,32348,51197,2331,14721,13011,83035,15497,0,4203,29348,0,0,0,0,0,21546,27892,8607
226,15071,8836,1511,4465,36539,32355,51209,2317,14635,12935,82551,15406,0,4168,29105,0,0,0,0,0,21285,27948,8624
227,15151,8882,1519,4488,36557,32371,51234,2314,14617,12919,82448,15387,0,4189,29246,0,0,0,0,0,21503,27977,8633
228,15373,9012,1541,4554,36531,32348,51197,2320,14655,12952,82661,15427,0,4204,29352,0,0,0,0,0,21235,28019,8646
229,15080,8841,1512,4467,36493,32315,51144,2317,14637,12936,82560,15408,0,4208,29383,0,0,0,0,0,21590,27937,8621
230,15279,8958,1532,4526,36521,32339,51183,2339,14771,13055,83317,15550,0,4209,29387,0,0,0,0,0,21594,27852,8594
231,15222,8924,1526,4509,36504,32325,51160,2344,14802,13083,83494,15582,0,4199,29317,0,0,0,0,0,21530,27911,8613
232,15275,8955,1532,4525,36544,32359,51215,2331,14725,13015,83060,15501,0,4181,29195,0,0,0,0,0,21515,27849,8594
233,15322,8983,1536,4539,36511,32330,51169,2331,14724,13013,83050,15500,0,4173,29139,0,0,0,0,0,21757,27971,8631
234,15262,8947,1530,4521,36602,32411,51296,2342,14792,13074,83436,15572,0,4175,29150,0,0,0,0,0,21607,27913,8613
235,15413,9036,1545,4566,36556,32371,51233,2391,15101,13347,85178,15897,0,4208,29378,0,0,0,0,0,21766,27979,8634
236,15409,9034,1545,4565,36519,32337,51180,2365,14939,13204,84266,15726,0,4265,29778,0,0,0,0,0,22007,28023,8647
237,15198,8910,1524,4502,36616,32423,51317,2352,14858,13132,83811,15642,0,4212,29408,0,0,0,0,0,21537,27972,8631
238,15439,9051,1548,4574,36551,32366,51226,2330,14715,13005,83000,15490,0,4170,29113,0,0,0,0,0,21506,27915,8614
239,15337,8992,1538,4544,36552,32366,51226,2356,14883,13154,83949,15667,0,4187,29234,0,0,0,0,0,21400,28012,8644
240,15919,9332,1596,4716,36546,32361,51218,2396,15134,13376,85363,15931,0,4225,29496,0,0,0,0,0,22055,27986,8636
241,15840,9286,1588,4692,36495,32316,51147,2389,15089,13336,85111,15884,0,4211,29401,0,0,0,0,0,22150,28043,8653
242,15622,9159,1566,4628,36531,32348,51197,2404,15184,13420,85645,15984,0,4199,29318,0,0,0,0,0,22029,28019,8646
243,17089,10019,1713,5063,38745,34309,54301,2618,16538,14617,93284,17410,0,4484,31306,0,0,0,0,0,23822,30256,9336
244,17261,10120,1731,5114,38768,34329,54333,2546,16084,14215,90721,16931,0,4415,30829,0,0,0,0,0,23617,30301,9350
245,16477,9660,1652,4881,38717,34284,54261,2434,15375,13589,86726,16186,0,4338,30287,0,0,0,0,0,22183,30148,9303
246,16144,9464,1619,4783,38684,34255,54215,2429,15341,13559,86532,16149,0,4373,30536,0,0,0,0,0,22252,30098,9287
247,16163,9476,1621,4788,38748,34311,54304,2429,15345,13562,86554,16154,0,4333,30256,0,0,0,0,0,22355,30229,9328
248,16612,9739,1666,4921,38702,34270,54239,2537,16025,14164,90393,16870,0,4412,30805,0,0,0,0,0,23066,30426,9389
249,16701,9791,1675,4947,38722,34289,54268,2491,15734,13907,88752,16564,0,4389,30644,0,0,0,0,0,22861,30307,9352
250,16217,9507,1626,4804,38725,34291,54273,2448,15461,13665,87209,16276,0,4344,30332,0,0,0,0,0,22340,30260,9338
251,16328,9572,1637,4837,38700,34269,54237,2407,15205,13439,85767,16007,0,4383,30602,0,0,0,0,0,22100,30159,9306
252,15914,9330,1596,4715,38685,34256,54217,2405,15190,13426,85683,15991,0,4367,30489,0,0,0,0,0,22446,30129,9297
253,16160,9474,1620,4787,38686,34256,54218,2454,15500,13699,87429,16317,0,4393,30671,0,0,0,0,0,22518,30498,9411
254,17521,10272,1757,5191,38743,34307,54298,2694,17014,15038,95969,17911,0,4486,31324,0,0,0,0,0,23986,30739,9485
255,17075,10010,1712,5058,38751,34314,54309,2616,16521,14602,93188,17392,0,4454,31099,0,0,0,0,0,23701,30399,9380
256,16380,9603,1642,4852,38719,34286,54264,2429,15341,13559,86534,16150,0,4394,30677,0,0,0,0,0,22497,30291,9347
257,16439,9637,1648,4870,38731,34296,54281,2418,15271,13497,86135,16075,0,4355,30407,0,0,0,0,0,22175,30093,9286
258,16368,9596,1641,4849,38724,34290,54270,2433,15367,13582,86682,16177,0,4345,30334,0,0,0,0,0,22180,30400,9381
259,16293,9552,1634,4827,38737,34302,54290,2491,15732,13904,88736,16561,0,4389,30644,0,0,0,0,0,22541,30462,9400
260,16669,9772,1671,4938,38772,34333,54338,2492,15741,13912,88788,16571,0,4400,30719,0,0,0,0,0,22892,30329,9359
261,16319,9567,1636,4834,38764,34326,54327,2541,16051,14186,90535,16897,0,4395,30686,0,0,0,0,0,22798,30276,9343
262,16606,9735,1665,4919,38688,34258,54220,2479,15655,13837,88306,16481,0,4357,30418,0,0,0,0,0,22909,30226,9327
263,16094,9435,1614,4768,38716,34282,54259,2425,15320,13540,86413,16127,0,4356,30415,0,0,0,0,0,22263,30098,9287
264,16190,9491,1623,4796,38706,34274,54245,2435,15381,13594,86756,16191,0,4370,30514,0,0,0,0,0,22041,30150,9303
265,16174,9482,1622,4791,38778,34338,54346,2428,15338,13556,86515,16146,0,4364,30472,0,0,0,0,0,22313,30452,9397
266,16477,9659,1652,4881,38698,34267,54234,2522,15932,14081,89864,16771,0,4378,30567,0,0,0,0,0,23083,30690,9470
267,17335,10163,1738,5135,38704,34273,54243,2641,16683,14745,94100,17562,0,4485,31318,0,0,0,0,0,24152,30503,9412
268,18076,10597,1812,5355,38780,34340,54349,2690,16993,15019,95852,17889,0,4457,31122,0,0,0,0,0,24531,30455,9398
269,18077,10598,1813,5355,38732,34297,54282,2811,17757,15694,100157,18692,0,4582,31989,0,0,0,0,0,24574,30700,9473
270,16471,9656,1651,4879,38764,34326,54327,2524,15939,14088,89908,16780,0,4421,30871,0,0,0,0,0,22583,30777,9497
271,18874,11065,1892,5591,38802,34359,54380,2928,18491,16343,104302,19466,0,4715,32919,0,0,0,0,0,25802,31519,9726
272,17874,10479,1792,5295,38806,34362,54385,2861,18068,15969,101916,19021,0,4627,32306,0,0,0,0,0,25383,30806,9506
273,17951,10524,1800,5318,45920,40662,64356,2597,16405,14500,92536,17270,0,5056,35302,0,0,0,0,0,25324,32720,10097
274,17340,10166,1739,5137,45860,40609,64272,2502,15801,13966,89130,16634,0,5015,35016,0,0,0,0,0,24810,32516,10034
275,17556,10292,1760,5201,45879,40626,64298,2561,16173,14295,91228,17026,0,5020,35049,0,0,0,0,0,25618,32838,10133
276,18446,10814,1850,5465,45948,40687,64395,2901,18323,16195,103354,19289,0,5248,36643,0,0,0,0,0,27281,33780,10424
277,17562,10296,1761,5203,45930,40671,64369,2539,16035,14173,90449,16881,0,5047,35242,0,0,0,0,0,24867,32764,10110
278,19142,11222,1919,5671,45952,40690,64400,2800,17686,15632,99762,18619,0,5163,36050,0,0,0,0,0,26588,33253,10261
279,18735,10984,1879,5550,46025,40755,64502,2979,18813,16627,106115,19804,0,5345,37319,0,0,0,0,0,28116,33343,10289
280,21413,12553,2147,6343,46186,40897,64728,3291,20788,18373,117255,21884,0,5579,38953,0,0,0,0,0,30049,34886,10765
281,22664,13287,2273,6714,46268,40971,64844,3587,22654,20023,127784,23848,0,6036,42142,0,0,0,0,0,32593,35416,10929
282,19732,11568,1978,5845,46108,40829,64620,3107,19622,17343,110680,20656,0,5358,37413,0,0,0,0,0,28813,33492,10335
283,22751,13338,2281,6740,45990,40724,64453,3140,19831,17528,111861,20877,0,5290,36936,0,0,0,0,0,30240,33443,10320
284,22319,13085,2238,6612,46043,40771,64528,3393,21432,18943,120890,22562,0,5390,37631,0,0,0,0,0,30704,33131,10224
285,20839,12217,2090,6174,46118,40837,64633,3169,20012,17688,112881,21067,0,5398,37690,0,0,0,0,0,28705,33457,10324
286,25917,15194,2599,7678,46220,40928,64777,3831,24194,21384,136470,25470,0,5761,40225,0,0,0,0,0,33115,35641,10998
287,36138,21186,3624,10706,46508,41183,65180,5207,32888,29067,185503,34621,0,6750,47126,0,0,0,0,0,47742,36396,11231
288,30057,17621,3014,8904,46461,41141,65114,4388,27713,24494,156314,29173,0,5985,41784,0,0,0,0,0,36535,35386,10919
289,24562,14400,2463,7276,46127,40846,64646,3566,22521,19905,127033,23708,0,5482,38276,0,0,0,0,0,31984,35273,10885
290,25433,14911,2550,7535,46220,40928,64777,3688,23290,20585,131369,24518,0,5692,39744,0,0,0,0,0,32510,34953,10786
291,26887,15762,2696,7965,46435,41118,65078,4074,25731,22742,145135,27087,0,6189,43212,0,0,0,0,0,37417,35535,10965
292,25635,15029,2571,7594,46341,41035,64946,3907,24673,21807,139168,25973,0,5863,40937,0,0,0,0,0,33539,36264,11190
293,32240,18901,3233,9551,46818,41458,65615,5345,33754,29833,190391,35533,0,7278,50815,0,0,0,0,0,46630,38216,11793
294,41283,24202,4140,12230,47229,41821,66190,6643,41957,37083,236657,44168,0,7702,53771,0,0,0,0,0,54921,38550,11896
295,41028,24053,4114,12155,47383,41957,66406,7576,47845,42288,269871,50367,0,7939,55429,0,0,0,0,0,66764,39141,12078
296,50602,29666,5075,14991,47081,41690,65983,7746,48919,43236,275927,51497,0,7767,54231,0,0,0,0,0,65271,38209,11790
297,37774,22145,3788,11191,47004,41622,65875,6594,41642,36805,234884,43837,0,7554,52742,0,0,0,0,0,55316,38163,11776
298,33107,19409,3320,9808,46781,41425,65563,5417,34212,30238,192975,36015,0,6905,48212,0,0,0,0,0,44265,37834,11675
299,30549,17910,3063,9050,46644,41303,65371,4705,29717,26265,167618,31283,0,6041,42178,0,0,0,0,0,38854,35954,11095
300,35236,20657,3533,10439,46907,41536,65739,5472,34558,30544,194925,36379,0,6792,47419,0,0,0,0,0,46727,37971,11717
301,52429,30737,5258,15533,47650,42194,66780,8172,51609,45614,291102,54329,0,8061,56282,0,0,0,0,0,66702,40554,12514
302,55399,32478,5556,16412,47738,42272,66904,8502,53692,47455,302848,56522,0,8141,56839,0,0,0,0,0,68368,41118,12688
303,55448,32507,5561,16427,47730,42265,66892,8569,54120,47833,305262,56972,0,8531,59565,0,0,0,0,0,71390,39538,12200
304,66383,38918,6657,19666,90698,80313,127111,9630,60815,53751,343028,64020,0,11485,80181,0,0,0,0,0,79373,58958,18193
305,94729,55536,9500,28064,92515,81922,129657,15180,95866,84731,540732,100919,0,14182,99012,0,0,0,0,0,111721,63162,19491
306,88742,52026,8900,26291,92437,81853,129548,14834,93682,82800,528412,98620,0,14029,97949,0,0,0,0,0,113107,62044,19145
307,74360,43594,7457,22030,91912,81388,128813,11660,73637,65084,415350,77518,0,12953,90436,0,0,0,0,0,92997,61304,18917
308,63498,37227,6368,18812,91244,80796,127876,10731,67768,59896,382243,71340,0,11998,83765,0,0,0,0,0,84368,59023,18213
309,59128,34664,5930,17517,90870,80465,127351,9369,59170,52297,333746,62288,0,11615,81089,0,0,0,0,0,74391,59560,18379
310,84374,49465,8462,24997,92077,81533,129043,13857,87513,77347,493615,92125,0,13400,93551,0,0,0,0,0,99459,61926,19109
311,67115,39347,6731,19884,91404,80938,128100,10526,66474,58753,374948,69978,0,11603,81011,0,0,0,0,0,82444,57789,17833
312,40112,23516,4022,11883,90003,79697,126136,6117,38629,34142,217889,40665,0,9436,65877,0,0,0,0,0,53513,53421,16485
313,34039,19956,3413,10084,89591,79332,125559,5178,32700,28901,184443,34423,0,8899,62130,0,0,0,0,0,47703,52528,16209
314,29781,17459,2986,8823,89374,79140,125255,4430,27981,24731,157828,29456,0,8450,58999,0,0,0,0,0,43000,51584,15918
315,40039,23473,4015,11862,89509,79260,125444,5775,36472,32236,205723,38395,0,9156,63927,0,0,0,0,0,51132,53461,16497
316,49019,28738,4916,14522,89984,79681,126111,7386,46645,41227,263101,49103,0,9804,68451,0,0,0,0,0,62585,55202,17034
317,57326,33608,5749,16983,90308,79967,126564,8302,52430,46340,295734,55194,0,10666,74464,0,0,0,0,0,68996,55459,17113
318,40647,23830,4076,12042,89918,79622,126017,6158,38894,34376,219381,40944,0,9425,65805,0,0,0,0,0,54336,55984,17276
319,83921,49200,8416,24862,91977,81445,128903,12637,79809,70538,450161,84015,0,13152,91824,0,0,0,0,0,94465,62052,19148
320,98636,57826,9892,29222,92977,82331,130305,12954,81806,72304,461429,86118,0,14270,99630,0,0,0,0,0,98356,61691,19037
321,85045,49859,8529,25195,92362,81786,129442,13394,84590,74764,477127,89048,0,13507,94301,0,0,0,0,0,96855,62117,19168
322,72294,42383,7250,21418,91979,81447,128905,12447,78605,69474,443369,82748,0,13645,95266,0,0,0,0,0,90214,61501,18978
323,59541,34907,5971,17639,90885,80478,127372,8998,56828,50227,320539,59823,0,11922,83239,0,0,0,0,0,72092,57353,17698
324,60490,35463,6066,17921,91041,80617,127592,9264,58503,51707,329985,61586,0,12580,87827,0,0,0,0,0,75149,57232,17661
325,48151,28229,4829,14265,90625,80248,127008,7275,45948,40611,259170,48370,0,11130,77708,0,0,0,0,0,59000,55855,17236
326,95912,56230,9619,28415,91318,80862,127980,12794,80801,71415,455755,85059,0,12874,89884,0,0,0,0,0,96537,62070,19154
327,83117,48728,8335,24624,91518,81039,128260,12113,76499,67613,431495,80531,0,12389,86499,0,0,0,0,0,93994,60525,18677
328,64232,37657,6441,19029,91223,80778,127847,10065,63564,56181,358533,66914,0,11768,82162,0,0,0,0,0,79683,59375,18322
329,70819,41518,7102,20981,91298,80844,127952,10623,67086,59294,378401,70622,0,12106,84517,0,0,0,0,0,82335,59631,18401
330,119832,70253,12018,35501,92908,82269,130207,18080,114178,100915,644020,120196,0,14821,103472,0,0,0,0,0,135598,64032,19759
331,156670,91850,15712,46415,93796,83056,131452,23151,146205,129222,824667,153911,0,16964,118440,0,0,0,0,0,173716,66361,20478
332,137408,80557,13780,40709,93240,82564,130673,20361,128585,113649,725282,135362,0,16233,113332,0,0,0,0,0,149722,64986,20053
333,80196,47016,8043,23759,91531,81051,128279,11922,75293,66547,424688,79261,0,12619,88101,0,0,0,0,0,90458,59900,18484
334,130231,76350,13061,38583,131443,116393,184214,17802,112425,99366,634134,118351,0,17225,120255,0,0,0,0,0,142114,77217,23828
335,119772,70218,12012,35484,131414,116367,184174,16307,102985,91023,580887,108413,0,16866,117749,0,0,0,0,0,138728,80327,24787
336,164084,96196,16456,48612,132794,117589,186107,21641,136669,120794,770878,143872,0,19070,133141,0,0,0,0,0,168958,84215,25987
337,161521,94694,16199,47853,132815,117608,186137,21321,134647,119007,759477,141744,0,18927,132138,0,0,0,0,0,177551,81637,25192
338,155166,90968,15561,45970,132282,117135,185389,19300,121883,107725,687478,128307,0,18350,128111,0,0,0,0,0,169436,80996,24994
339,130170,76314,13054,38564,131555,116491,184370,16911,106798,94393,602395,112427,0,17109,119449,0,0,0,0,0,151843,76561,23625
340,137831,80805,13823,40834,131162,116143,183819,17067,107785,95265,607960,113466,0,17320,120923,0,0,0,0,0,158916,75864,23410
341,113779,66704,11411,33708,130906,115916,183460,14471,91386,80771,515464,96203,0,16128,112599,0,0,0,0,0,130081,76521,23613
342,162246,95119,16271,48067,133530,118240,187138,22513,142175,125660,801936,149669,0,20151,140685,0,0,0,0,0,177095,86398,26661
343,136463,80003,13686,40429,131730,116647,184616,16491,104143,92046,587420,109633,0,17681,123441,0,0,0,0,0,144353,79842,24638
344,124576,73034,12493,36907,130675,115712,183137,12364,78084,69014,440432,82199,0,16027,111897,0,0,0,0,0,126433,76414,23580
345,88577,51929,8883,26242,130588,115635,183015,11295,71331,63046,402345,75091,0,15452,107877,0,0,0,0,0,109402,72502,22373
346,83600,49012,8384,24767,130031,115142,182235,10791,68151,60235,384408,71744,0,14977,104562,0,0,0,0,0,108904,73522,22688
347,65100,38165,6528,19286,129699,114848,181769,9968,62953,55641,355089,66272,0,13995,97708,0,0,0,0,0,90431,71457,22050
348,71546,41944,7175,21196,130423,115489,182784,10915,68932,60925,388810,72565,0,14783,103207,0,0,0,0,0,96641,72191,22277
349,103519,60689,10382,30669,131483,116427,184269,15771,99597,88028,561779,104847,0,16419,114631,0,0,0,0,0,134912,76313,23549
350,148456,87034,14888,43982,132538,117362,185748,20336,128428,113511,724399,135198,0,18238,127330,0,0,0,0,0,162911,81515,25154
351,135342,79346,13573,40097,131542,116480,184353,17781,112294,99250,633395,118213,0,17827,124459,0,0,0,0,0,153532,81909,25276
352,97857,57370,9814,28991,130669,115707,183129,13859,87524,77357,493678,92137,0,16267,113568,0,0,0,0,0,127004,76273,23536
353,54896,32183,5505,16263,129331,114522,181254,8592,54263,47960,306070,57123,0,13396,93526,0,0,0,0,0,80533,70572,21777
354,85787,50294,8603,25415,129923,115046,182083,11792,74471,65821,420053,78396,0,14785,103226,0,0,0,0,0,104083,72056,22235
355,78668,46120,7889,23306,130280,115362,182583,11803,74538,65879,420429,78466,0,15017,104841,0,0,0,0,0,103556,71896,22186
356,91804,53821,9207,27198,130533,115587,182938,13293,83948,74197,473507,88372,0,15425,107695,0,0,0,0,0,110127,72708,22436
357,108013,63324,10832,32000,131141,116125,183791,15701,99158,87640,559298,104384,0,16340,114083,0,0,0,0,0,129173,76371,23567
358,130165,76311,13054,38563,131846,116749,184778,15195,95958,84812,541251,101016,0,17146,119707,0,0,0,0,0,143322,80660,24890
359,136090,79785,13648,40318,132237,117095,185326,19365,122294,108089,689798,128740,0,17664,123323,0,0,0,0,0,152056,78658,24273
360,124391,72926,12475,36852,132101,116975,185136,19009,120045,106100,677110,126372,0,18238,127330,0,0,0,0,0,147752,78777,24309
361,118374,69398,11871,35070,132216,117076,185296,17325,109414,96705,617149,115181,0,18025,125845,0,0,0,0,0,140201,76278,23538
362,112075,65705,11240,33203,131820,116726,184742,16872,106551,94174,601000,112167,0,17183,119964,0,0,0,0,0,133581,75648,23344
363,115205,67540,11554,34131,132713,117517,185993,19352,122211,108015,689329,128652,0,18580,129719,0,0,0,0,0,146470,80404,24811
364,69625,40819,6982,20627,131269,116238,183970,12744,80485,71136,453975,84727,0,16152,112768,0,0,0,0,0,111231,74824,23089
