,0,1,2,3,4,5,6,7,8,9,10,11,12,13,14,15,16,17,18,19,20,21,22
0,168884,99011,16937,50034,24849,22004,34826,15793,99735,88150,562556,104992,0,14018,97868,0,0,0,0,0,97140,45028,13895
1,187719,110053,18826,55614,25236,22346,35367,17316,109353,96651,616803,115116,0,14422,100689,0,0,0,0,0,110237,45657,14089
2,177839,104261,17835,52687,25033,22166,35083,15934,100626,88938,567581,105930,0,13892,96990,0,0,0,0,0,102943,45655,14088
3,217780,127676,21841,64520,26498,23464,37137,21383,135039,119353,761686,142157,0,16677,116433,0,0,0,0,0,133850,55436,17106
4,270154,158382,27094,80037,28233,25000,39567,28773,181707,160600,1024913,191284,0,20225,141205,0,0,0,0,0,188249,57600,17774
5,225374,132129,22603,66770,27161,24051,38065,22409,141519,125081,798238,148979,0,17157,119783,0,0,0,0,0,147554,53071,16377
6,198726,116506,19930,58875,26453,23424,37074,19242,121515,107400,685404,127920,0,15802,110322,0,0,0,0,0,123271,50369,15543
7,190460,111660,19101,56426,25857,22896,36238,17310,109316,96618,616595,115078,0,15696,109580,0,0,0,0,0,116267,49494,15273
8,157596,92393,15805,46690,24916,22063,34919,13129,82911,73281,467661,87281,0,13396,93527,0,0,0,0,0,90358,43686,13481
9,143225,83967,14364,42432,23922,21183,33527,11910,75216,66479,424255,79180,0,12115,84585,0,0,0,0,0,73776,41058,12670
10,184586,108216,18512,54686,24790,21952,34743,16702,105480,93227,594956,111039,0,14281,99704,0,0,0,0,0,101922,47121,14540
11,208740,122377,20934,61842,26108,23119,36590,21257,134244,118650,757199,141319,0,16765,117050,0,0,0,0,0,137542,51734,15964
12,235480,138054,23616,69764,26683,23628,37396,24484,154619,136659,872124,162768,0,17283,120660,0,0,0,0,0,154429,52130,16086
13,232680,136412,23335,68934,27301,24175,38262,25052,158207,139830,892362,166545,0,17823,124431,0,0,0,0,0,160581,53044,16368
14,180867,106036,18139,53584,26649,23598,37348,19873,125502,110924,707893,132117,0,16676,116427,0,0,0,0,0,124418,51200,15799
15,158266,92786,15872,46888,26148,23154,36646,15542,98154,86753,553638,103328,0,14891,103966,0,0,0,0,0,93308,47638,14700
16,183122,107357,18365,54252,25804,22849,36164,18277,115422,102015,651038,121506,0,15144,105727,0,0,0,0,0,115155,47430,14636
17,232581,136354,23325,68905,26649,23597,37347,23523,148550,131295,837895,156380,0,17217,120203,0,0,0,0,0,148997,51388,15857
18,264576,155111,26534,78384,28452,25194,39874,29773,188024,166183,1060545,197934,0,20132,140553,0,0,0,0,0,182110,58057,17915
19,229201,134372,22986,67904,27855,24666,39039,27060,170891,151041,963908,179898,0,18708,130612,0,0,0,0,0,164255,54190,16722
20,220241,129119,22088,65249,27511,24361,38556,24337,153696,135843,866921,161797,0,17861,124696,0,0,0,0,0,145809,53642,16553
21,231371,135644,23204,68546,27381,24246,38374,24952,157578,139274,888814,165883,0,18031,125884,0,0,0,0,0,153889,52972,16346
22,245888,144155,24660,72847,27766,24587,38914,24394,154054,136159,868936,162173,0,18428,128658,0,0,0,0,0,152665,55764,17208
23,236875,138871,23756,70177,27335,24205,38310,24305,153494,135664,865778,161584,0,17518,122304,0,0,0,0,0,156037,55929,17259
24,215650,126428,21627,63889,26291,23281,36846,20611,130162,115043,734178,137023,0,15364,107266,0,0,0,0,0,138369,49712,15340
25,181857,106616,18238,53877,25009,22145,35049,16231,102506,90599,578182,107908,0,13947,97371,0,0,0,0,0,101244,45727,14110
26,150849,88437,15128,44691,23923,21183,33527,12620,79700,70442,449549,83901,0,12084,84370,0,0,0,0,0,76765,44795,13823
27,187976,110203,18852,55690,25642,22706,35937,18590,117402,103765,662204,123590,0,15012,104806,0,0,0,0,0,118721,48307,14906
28,179446,105203,17996,53163,25130,22252,35219,16400,103570,91539,584184,109029,0,14262,99575,0,0,0,0,0,101318,46420,14324
29,195369,114538,19593,57880,25048,22180,35104,17480,110390,97568,622655,116209,0,14172,98947,0,0,0,0,0,112401,47959,14799
30,166911,97854,16739,49449,24241,21465,33973,13020,82223,72672,463780,86557,0,12087,84386,0,0,0,0,0,79929,43816,13521
31,133374,78192,13376,39513,23168,20515,32469,10814,68296,60363,385225,71896,0,11151,77854,0,0,0,0,0,64070,38807,11975
32,152121,89183,15256,45067,23977,21231,33603,13096,82703,73097,466489,87063,0,12720,88809,0,0,0,0,0,78794,44184,13634
33,153266,89854,15371,45407,24352,21563,34128,14446,91232,80635,514593,96040,0,13587,94863,0,0,0,0,0,89596,44732,13803
34,125579,73622,12594,37204,22952,20324,32166,9877,62376,55130,351830,65663,0,10743,75004,0,0,0,0,0,56087,39241,12109
35,185762,108905,18630,55034,24700,21871,34616,17848,112712,99620,635752,118653,0,14106,98481,0,0,0,0,0,110401,45516,14045
36,218641,128181,21927,64775,25984,23008,36416,22805,144019,127290,812336,151610,0,16794,117247,0,0,0,0,0,147245,46785,14437
37,190840,111883,19139,56539,24928,22074,34936,18419,116320,102809,656104,122451,0,14668,102406,0,0,0,0,0,116194,45408,14012
38,218470,128081,21910,64724,27483,24336,38516,24077,152054,134392,857660,160069,0,17711,123654,0,0,0,0,0,152870,47521,14664
39,234511,137485,23519,69477,27250,24129,38190,24732,156186,138044,880964,164418,0,17981,125538,0,0,0,0,0,165755,48935,15100
40,215424,126295,21605,63822,26671,23617,37378,22850,144302,127540,813933,151908,0,17415,121586,0,0,0,0,0,144820,47864,14770
41,248727,145820,24945,73689,26432,23405,37043,25593,161624,142850,911636,170143,0,17491,122114,0,0,0,0,0,164405,52956,16341
42,280305,164333,28112,83044,28879,25572,40473,32648,206181,182231,1162959,217048,0,20918,146039,0,0,0,0,0,207067,57730,17814
43,287212,168382,28804,85090,28737,25447,40275,31951,201778,178340,1138127,212414,0,21232,148233,0,0,0,0,0,205397,60653,18716
44,360544,211374,36159,106816,31749,28114,44495,44192,279078,246661,1574133,293788,0,26502,185024,0,0,0,0,0,284291,68599,21168
45,313957,184062,31487,93014,30138,26687,42238,36476,230355,203597,1299310,242496,0,23124,161444,0,0,0,0,0,237618,61712,19043
46,164581,96488,16506,48759,25145,22265,35240,15161,95747,84625,540062,100794,0,14133,98672,0,0,0,0,0,90975,47099,14534
47,174128,102085,17463,51588,24202,21430,33918,15097,95345,84270,537791,100370,0,13012,90845,0,0,0,0,0,90820,46152,14242
48,211361,123913,21197,62618,25680,22740,35990,20981,132502,117111,747378,139486,0,16033,111934,0,0,0,0,0,129479,52461,16188
49,219634,128764,22027,65069,26271,23263,36818,22143,139836,123593,788743,147206,0,16663,116335,0,0,0,0,0,138933,52239,16120
50,151646,88904,15208,44927,24265,21487,34007,14118,89159,78802,502899,93858,0,12673,88481,0,0,0,0,0,80887,43406,13394
51,131191,76913,13157,38867,23114,20467,32394,10485,66217,58525,373497,69707,0,11023,76961,0,0,0,0,0,60184,41801,12899
52,153020,89710,15346,45334,25089,22216,35162,14516,91675,81026,517091,96507,0,13426,93739,0,0,0,0,0,80990,48938,15101
53,192786,113024,19334,57115,26241,23237,36777,19493,123104,108805,694368,129593,0,15797,110289,0,0,0,0,0,117577,51368,15851
54,172433,101091,17293,51085,25609,22677,35891,14675,92677,81912,522745,97562,0,14857,103727,0,0,0,0,0,90715,47114,14538
55,129888,76149,13026,38481,23274,20609,32618,10071,63600,56212,358734,66952,0,10760,75126,0,0,0,0,0,57773,40459,12485
56,190762,111837,19131,56515,24937,22082,34949,17172,108449,95851,611703,114165,0,14049,98085,0,0,0,0,0,105404,50343,15535
57,210980,123690,21159,62506,26331,23316,36903,21874,138138,122092,779166,145419,0,16311,113875,0,0,0,0,0,137927,50610,15617
58,163392,95791,16386,48407,24242,21466,33974,14690,92774,81998,523291,97664,0,12479,87123,0,0,0,0,0,91853,44824,13832
59,144990,85002,14541,42955,23528,20834,32974,13157,83092,73440,468681,87472,0,12516,87382,0,0,0,0,0,74193,48199,14873
60,165438,96991,16592,49013,24539,21729,34390,16484,104100,92008,587173,109587,0,14435,100784,0,0,0,0,0,84816,51811,15988
61,196107,114970,19667,58099,26484,23451,37116,20788,131282,116033,740497,138202,0,17227,120275,0,0,0,0,0,117742,58919,18181
62,218242,127947,21887,64657,27374,24240,38364,23096,145855,128913,822695,153543,0,17408,121535,0,0,0,0,0,146757,57446,17727
63,203605,119366,20419,60321,26287,23277,36841,22955,144964,128125,817667,152605,0,16510,115269,0,0,0,0,0,140983,54601,16849
64,195304,114500,19587,57861,25253,22361,35391,20318,128311,113407,723738,135074,0,15600,108911,0,0,0,0,0,123173,49441,15257
65,184465,108145,18500,54650,24854,22008,34833,18818,118843,105038,670331,125107,0,14904,104056,0,0,0,0,0,115291,47059,14522
66,150054,87971,15049,44455,23842,21112,33414,14579,92070,81375,519318,96922,0,13132,91684,0,0,0,0,0,85368,43717,13490
67,135412,79387,13580,40117,22993,20361,32225,12480,78817,69661,444565,82971,0,11991,83719,0,0,0,0,0,70605,39967,12333
68,117445,68854,11778,34794,22191,19650,31100,9138,57710,51006,325512,60752,0,10343,72213,0,0,0,0,0,49556,37837,11676
69,121060,70973,12141,35865,22451,19880,31465,10097,63766,56359,359674,67127,0,10995,76767,0,0,0,0,0,52724,40064,12363
70,133617,78335,13400,39586,23069,20427,32331,11576,73104,64612,412343,76957,0,11643,81285,0,0,0,0,0,65477,43023,13276
71,131023,76814,13140,38817,22580,19994,31645,11126,70262,62100,396311,73965,0,11261,78624,0,0,0,0,0,61835,40235,12416
72,139910,82024,14031,41450,22754,20148,31889,12426,78474,69359,442632,82610,0,11981,83644,0,0,0,0,0,69332,42161,13010
73,151272,88685,15171,44816,23751,21031,33286,14523,91715,81061,517315,96549,0,13545,94566,0,0,0,0,0,77707,44259,13657
74,131125,76874,13150,38847,23156,20505,32453,12019,75903,67087,428133,79904,0,11926,83266,0,0,0,0,0,64903,40713,12563
75,128816,75520,12919,38163,22766,20159,31906,11130,70288,62123,396459,73993,0,11178,78042,0,0,0,0,0,62665,39414,12162
76,133556,78299,13394,39567,22561,19978,31619,11523,72771,64318,410464,76606,0,11502,80306,0,0,0,0,0,65457,41520,12812
77,145046,85035,14546,42971,23615,20911,33096,13428,84802,74951,478324,89271,0,12921,90213,0,0,0,0,0,75430,48088,14839
78,182770,107151,18330,54148,24803,21963,34760,19378,122375,108160,690256,128825,0,15394,107475,0,0,0,0,0,114998,47934,14791
79,187970,110200,18851,55688,24897,22046,34893,19718,124522,110058,702365,131085,0,15063,105165,0,0,0,0,0,120442,46226,14264
80,177251,103916,17776,52513,24535,21726,34385,17370,109694,96952,618728,115476,0,14217,99261,0,0,0,0,0,104423,45337,13990
81,144321,84610,14474,42757,23188,20533,32498,13405,84659,74825,477519,89121,0,12422,86729,0,0,0,0,0,75447,43471,13414
82,133740,78407,13412,39622,23659,20950,33157,12539,79188,69990,446660,83362,0,12381,86441,0,0,0,0,0,68092,47234,14575
83,133475,78251,13386,39543,24894,22043,34888,13388,84549,74728,476899,89005,0,13983,97628,0,0,0,0,0,72625,46950,14488
84,138644,81282,13904,41075,24153,21387,33850,13350,84307,74514,475534,88751,0,13028,90960,0,0,0,0,0,70103,44856,13842
85,153874,90211,15432,45587,23964,21220,33585,15649,98825,87346,557423,104034,0,13348,93193,0,0,0,0,0,85641,42459,13102
86,160415,94046,16088,47525,23826,21098,33392,16329,103120,91142,581648,108555,0,13645,95265,0,0,0,0,0,94301,41532,12816
87,154420,90531,15487,45749,23442,20757,32853,14491,91513,80883,516180,96337,0,13169,91938,0,0,0,0,0,82586,42733,13187
88,142215,83376,14263,42133,23074,20432,32338,12416,78411,69303,442276,82544,0,11998,83768,0,0,0,0,0,71378,42956,13255
89,142195,83363,14260,42127,22566,19982,31626,12377,78165,69086,440890,82285,0,11525,80467,0,0,0,0,0,71789,39263,12116
90,78545,46048,7877,23270,16728,14813,23444,6033,38101,33675,214910,40109,0,6679,46633,0,0,0,0,0,35358,23559,7270
91,85722,50256,8597,25396,16916,14979,23707,7173,45300,40038,255514,47687,0,7311,51043,0,0,0,0,0,42708,25307,7809
92,111554,65400,11187,33049,17897,15848,25082,10948,69139,61108,389976,72783,0,8999,62826,0,0,0,0,0,66791,29452,9088
93,157306,92223,15776,46604,20005,17714,28036,18410,116263,102758,655782,122391,0,12982,90637,0,0,0,0,0,118463,37676,11626
94,175781,103054,17629,52077,19966,17680,27982,19545,123430,109093,696207,129936,0,12583,87849,0,0,0,0,0,125828,36129,11148
95,155162,90966,15561,45969,19356,17139,27126,16826,106263,93920,599374,111864,0,11439,79866,0,0,0,0,0,109806,33407,10309
96,111007,65079,11133,32887,18544,16420,25989,11290,71300,63018,402167,75058,0,9285,64828,0,0,0,0,0,68197,29664,9154
97,94060,55144,9433,27866,17325,15341,24281,7991,50470,44607,284675,53130,0,7904,55182,0,0,0,0,0,47431,27978,8633
98,101684,59613,10198,30125,17376,15387,24353,9127,57639,50944,325115,60677,0,8346,58267,0,0,0,0,0,54349,31766,9802
99,123220,72239,12357,36505,18407,16299,25797,12122,76552,67660,431790,80587,0,9869,68902,0,0,0,0,0,72647,32838,10133
100,108251,63463,10856,32070,18124,16049,25401,10506,66351,58643,374251,69848,0,9176,64065,0,0,0,0,0,61301,30426,9389
101,89526,52486,8978,26523,17451,15453,24457,7341,46360,40975,261495,48804,0,7740,54038,0,0,0,0,0,42955,27185,8389
102,93689,54926,9396,27756,17218,15247,24131,8145,51438,45463,290135,54149,0,7868,54930,0,0,0,0,0,47989,26554,8194
103,99508,58338,9979,29480,17588,15574,24649,9313,58813,51981,331734,61913,0,8474,59161,0,0,0,0,0,56072,28467,8784
104,95793,56160,9607,28380,17535,15528,24576,9162,57865,51143,326386,60915,0,8305,57987,0,0,0,0,0,57291,27018,8337
105,91112,53416,9137,26993,17300,15319,24246,8647,54607,48264,308011,57485,0,7905,55192,0,0,0,0,0,52543,25615,7904
106,85603,50186,8585,25361,17096,15138,23959,7518,47482,41967,267826,49985,0,7514,52459,0,0,0,0,0,43962,24874,7675
107,79592,46662,7982,23580,16868,14937,23640,6909,43631,38563,246100,45930,0,7240,50546,0,0,0,0,0,41494,23841,7357
108,76007,44560,7622,22518,16866,14935,23638,6914,43668,38596,246310,45970,0,7248,50605,0,0,0,0,0,37611,24382,7524
109,79042,46340,7927,23417,16938,14999,23739,6900,43575,38513,245786,45872,0,7247,50600,0,0,0,0,0,38491,24754,7638
110,80871,47412,8110,23959,16799,14875,23543,6852,43273,38247,244084,45554,0,7241,50559,0,0,0,0,0,40493,25273,7799
111,73422,43044,7363,21752,16604,14703,23270,5454,34448,30447,194306,36264,0,6694,46736,0,0,0,0,0,31079,23416,7226
112,72356,42420,7256,21436,16627,14723,23303,5488,34661,30635,195507,36488,0,6655,46462,0,0,0,0,0,30304,24020,7412
113,78441,45987,7866,23239,16861,14930,23630,6614,41774,36921,235626,43976,0,7208,50326,0,0,0,0,0,37782,25233,7786
114,78069,45769,7829,23129,16877,14945,23653,6695,42284,37372,238502,44512,0,7416,51779,0,0,0,0,0,38202,26025,8031
115,80836,47391,8107,23948,17285,15306,24224,8090,51090,45156,288174,53783,0,8079,56403,0,0,0,0,0,46330,26619,8214
116,85516,50135,8576,25335,17631,15613,24710,8087,51075,45142,288088,53767,0,8111,56628,0,0,0,0,0,48268,27221,8400
117,83379,48882,8362,24702,17362,15374,24333,7850,49575,43817,279631,52188,0,7990,55787,0,0,0,0,0,47009,27358,8442
118,80294,47073,8052,23788,17312,15330,24263,7130,45032,39801,254003,47405,0,7764,54210,0,0,0,0,0,41526,27015,8336
119,79997,46899,8023,23700,17134,15172,24013,6661,42070,37183,237296,44287,0,7255,50655,0,0,0,0,0,38719,25261,7795
120,71057,41658,7126,21051,13419,11882,18806,5992,37845,33449,213468,39840,0,6124,42759,0,0,0,0,0,40547,19296,5954
121,72678,42608,7289,21531,13420,11884,18809,6354,40129,35468,226349,42244,0,6485,45278,0,0,0,0,0,40834,19957,6158
122,70301,41214,7050,20827,13394,11860,18772,6348,40092,35435,226142,42206,0,6306,44031,0,0,0,0,0,40829,19414,5990
123,72226,42344,7243,21398,13326,11800,18677,6528,41228,36439,232546,43401,0,6321,44130,0,0,0,0,0,42738,19228,5933
124,75570,44304,7579,22388,13553,12001,18994,7439,46980,41523,264992,49456,0,6571,45877,0,0,0,0,0,48025,18883,5827
125,72102,42270,7231,21361,13385,11853,18759,6386,40329,35644,227476,42455,0,6136,42843,0,0,0,0,0,40459,18245,5630
126,69870,40962,7007,20700,13187,11677,18481,5997,37873,33474,213623,39869,0,6077,42428,0,0,0,0,0,37156,17880,5517
127,68489,40153,6868,20291,13275,11755,18605,5620,35495,31372,200212,37366,0,5980,41750,0,0,0,0,0,35844,18391,5675
128,65310,38289,6550,19349,13420,11883,18807,5414,34190,30219,192850,35992,0,6065,42348,0,0,0,0,0,33976,19344,5969
129,63567,37267,6375,18832,13184,11674,18477,5080,32081,28355,180954,33772,0,5829,40701,0,0,0,0,0,32087,18816,5806
130,60611,35534,6078,17957,13070,11573,18317,4502,28435,25132,160387,29933,0,5546,38722,0,0,0,0,0,28473,18089,5582
131,58791,34467,5896,17417,13021,11530,18249,4390,27723,24503,156374,29184,0,5531,38616,0,0,0,0,0,27510,17903,5524
132,58705,34417,5887,17392,13063,11567,18307,4342,27423,24238,154681,28869,0,5416,37816,0,0,0,0,0,27532,17570,5422
133,58265,34159,5843,17262,12944,11462,18141,4086,25804,22806,145547,27164,0,5374,37519,0,0,0,0,0,25775,17707,5464
134,61485,36046,6166,18215,13045,11551,18282,4566,28837,25487,162657,30357,0,5527,38589,0,0,0,0,0,28509,18190,5613
135,69360,40663,6956,20549,13241,11724,18556,5777,36485,32247,205796,38408,0,6116,42700,0,0,0,0,0,35741,19724,6086
136,61273,35922,6145,18153,13218,11705,18525,4748,29986,26503,169135,31566,0,5737,40055,0,0,0,0,0,29279,19030,5872
137,59707,35004,5988,17689,12998,11509,18216,4350,27474,24283,154970,28922,0,5486,38306,0,0,0,0,0,27219,18189,5612
138,59851,35088,6002,17731,12969,11484,18176,4611,29124,25741,164276,30659,0,5481,38271,0,0,0,0,0,28821,17997,5553
139,59204,34709,5937,17540,12966,11481,18171,4479,28288,25002,159558,29779,0,5541,38684,0,0,0,0,0,28066,17863,5512
140,57631,33787,5779,17074,12962,11478,18166,4072,25720,22732,145075,27076,0,5397,37683,0,0,0,0,0,25735,17539,5412
141,58689,34407,5886,17387,12973,11488,18182,4142,26162,23123,147566,27541,0,5366,37467,0,0,0,0,0,26471,17558,5418
142,58026,34018,5819,17191,12974,11488,18182,4252,26853,23734,151465,28268,0,5403,37722,0,0,0,0,0,27145,17506,5402
143,57317,33602,5748,16980,12957,11473,18159,4293,27112,23963,152927,28541,0,5427,37894,0,0,0,0,0,26828,17524,5407
144,57702,33828,5787,17095,12955,11472,18156,4264,26929,23801,151894,28348,0,5454,38077,0,0,0,0,0,26530,17347,5353
145,55533,32557,5569,16452,12969,11484,18176,3808,24052,21258,135667,25320,0,5307,37051,0,0,0,0,0,24307,17434,5380
146,55331,32438,5549,16392,12929,11448,18120,3836,24224,21411,136640,25501,0,5353,37375,0,0,0,0,0,24230,17310,5341
147,55234,32381,5539,16363,12960,11476,18163,3772,23826,21058,134391,25082,0,5315,37110,0,0,0,0,0,24117,17290,5335
148,55099,32302,5526,16323,12912,11433,18095,3790,23936,21156,135013,25198,0,5323,37163,0,0,0,0,0,23780,17295,5337
149,55304,32423,5546,16384,12969,11484,18176,4022,25400,22450,143272,26739,0,5495,38368,0,0,0,0,0,24553,17327,5346
150,55155,32335,5531,16340,12981,11494,18192,3807,24043,21250,135616,25310,0,5299,36997,0,0,0,0,0,24086,17318,5344
151,51162,29994,5131,15157,11700,10360,16398,3050,19264,17027,108663,20280,0,4320,30161,0,0,0,0,0,19483,14542,4487
152,51675,30295,5182,15309,11780,10431,16510,3226,20372,18006,114912,21446,0,4396,30697,0,0,0,0,0,20118,14345,4426
153,51694,30306,5184,15315,11791,10441,16525,3230,20398,18028,115055,21473,0,4406,30764,0,0,0,0,0,19952,14470,4465
154,51223,30030,5137,15175,11716,10375,16420,3090,19514,17247,110069,20542,0,4344,30333,0,0,0,0,0,19406,14520,4480
155,51422,30146,5157,15234,11761,10414,16483,3098,19570,17297,110385,20601,0,4349,30362,0,0,0,0,0,19241,14455,4460
156,51263,30053,5141,15187,11807,10455,16547,3077,19433,17175,109613,20457,0,4362,30455,0,0,0,0,0,19628,14521,4481
157,50978,29886,5112,15103,11679,10341,16367,3035,19172,16945,108140,20182,0,4342,30313,0,0,0,0,0,18993,14560,4493
158,51451,30164,5160,15243,11771,10423,16496,3075,19420,17164,109542,20444,0,4338,30288,0,0,0,0,0,19216,14711,4539
159,53574,31408,5373,15872,11730,10387,16439,3304,20871,18446,117723,21971,0,4442,31016,0,0,0,0,0,21099,15320,4727
160,52680,30884,5283,15607,11782,10433,16512,3303,20860,18437,117664,21960,0,4470,31209,0,0,0,0,0,20960,15283,4716
161,51924,30441,5207,15383,11735,10391,16446,3201,20220,17871,114051,21286,0,4445,31033,0,0,0,0,0,20585,15054,4645
162,51244,30042,5139,15181,11778,10429,16507,3126,19743,17450,111364,20784,0,4391,30657,0,0,0,0,0,19464,15050,4644
163,52633,30857,5278,15593,11822,10468,16569,3326,21008,18568,118496,22115,0,4462,31151,0,0,0,0,0,20770,15078,4653
164,52011,30492,5216,15409,11780,10431,16509,3169,20014,17689,112890,21069,0,4399,30717,0,0,0,0,0,19915,14865,4587
165,51208,30021,5135,15171,11712,10371,16415,3043,19219,16987,108408,20232,0,4319,30159,0,0,0,0,0,19405,14552,4490
166,50984,29890,5113,15104,11778,10429,16507,3009,19005,16797,107199,20007,0,4350,30370,0,0,0,0,0,19265,14456,4461
167,51276,30061,5142,15191,11703,10363,16401,3015,19044,16832,107422,20048,0,4347,30352,0,0,0,0,0,19059,14491,4471
168,51449,30163,5159,15242,11711,10370,16413,3047,19247,17011,108564,20261,0,4350,30374,0,0,0,0,0,19595,14420,4449
169,51094,29954,5124,15137,11703,10363,16401,3042,19212,16980,108365,20224,0,4384,30609,0,0,0,0,0,19357,14465,4463
170,51383,30124,5153,15223,11683,10345,16373,3034,19164,16938,108094,20174,0,4309,30088,0,0,0,0,0,19156,14387,4439
171,50623,29678,5077,14997,11674,10338,16362,3005,18981,16777,107067,19982,0,4355,30408,0,0,0,0,0,19243,14407,4446
172,50788,29775,5093,15046,11720,10378,16425,3006,18983,16778,107075,19983,0,4331,30237,0,0,0,0,0,19069,14480,4468
173,50895,29838,5104,15078,11705,10365,16404,3009,19004,16797,107196,20006,0,4358,30431,0,0,0,0,0,19297,14530,4484
174,50829,29799,5097,15058,11713,10371,16415,3005,18977,16773,107043,19977,0,4343,30326,0,0,0,0,0,18865,14489,4471
175,50967,29880,5111,15099,11726,10384,16434,3022,19087,16870,107661,20093,0,4325,30200,0,0,0,0,0,18970,14465,4463
176,50868,29822,5101,15070,11743,10398,16458,3010,19012,16803,107237,20014,0,4327,30212,0,0,0,0,0,18744,14436,4454
177,50801,29783,5094,15050,11690,10351,16383,3001,18956,16754,106920,19955,0,4337,30284,0,0,0,0,0,19000,14401,4444
178,50843,29807,5099,15063,11768,10420,16492,2990,18885,16691,106523,19880,0,4324,30192,0,0,0,0,0,18820,14409,4446
179,50734,29743,5088,15030,11649,10316,16327,2993,18902,16707,106620,19899,0,4307,30072,0,0,0,0,0,19111,14343,4426
180,50875,29826,5102,15072,11678,10341,16366,2986,18861,16670,106388,19855,0,4322,30178,0,0,0,0,0,18585,14457,4461
181,51353,30106,5150,15214,11905,10542,16685,2791,17631,15583,99448,18560,0,4024,28095,0,0,0,0,0,22017,13302,4105
182,51377,30120,5152,15221,11942,10575,16737,2804,17709,15652,99888,18642,0,4011,28004,0,0,0,0,0,21864,13262,4092
183,51090,29952,5123,15136,11913,10549,16696,2814,17771,15707,100238,18707,0,4021,28078,0,0,0,0,0,21878,13333,4114
184,51259,30051,5140,15186,11911,10547,16693,2780,17556,15517,99028,18482,0,4022,28079,0,0,0,0,0,21920,13309,4106
185,51341,30099,5149,15210,11968,10598,16773,2791,17625,15578,99417,18554,0,4027,28117,0,0,0,0,0,21953,13208,4075
186,51013,29907,5116,15113,11927,10561,16715,2784,17584,15542,99186,18511,0,3999,27922,0,0,0,0,0,21824,13269,4094
187,51127,29974,5127,15147,11978,10607,16788,2771,17505,15471,98737,18427,0,4002,27945,0,0,0,0,0,21968,13220,4079
188,51210,30022,5135,15171,11915,10550,16698,2804,17710,15653,99898,18644,0,4040,28211,0,0,0,0,0,22065,13206,4075
189,51402,30135,5155,15228,11927,10562,16716,2837,17918,15837,101069,18863,0,4034,28164,0,0,0,0,0,22263,13307,4106
190,51340,30099,5149,15210,11999,10625,16816,2838,17927,15845,101120,18872,0,4064,28375,0,0,0,0,0,22317,13340,4116
191,51381,30123,5153,15222,11930,10563,16719,2845,17972,15884,101372,18919,0,4056,28319,0,0,0,0,0,22237,13421,4141
192,51279,30063,5142,15192,11929,10563,16719,2815,17779,15713,100281,18716,0,4006,27972,0,0,0,0,0,22214,13285,4099
193,51313,30083,5146,15202,11933,10567,16724,2775,17529,15493,98876,18453,0,4016,28038,0,0,0,0,0,21691,13276,4096
194,51060,29934,5120,15127,11907,10544,16688,2784,17582,15540,99175,18509,0,3992,27871,0,0,0,0,0,22124,13239,4085
195,51324,30089,5147,15205,11883,10522,16654,2770,17496,15463,98687,18418,0,4021,28076,0,0,0,0,0,22075,13272,4095
196,50849,29811,5099,15064,11904,10541,16684,2770,17497,15465,98694,18419,0,4002,27942,0,0,0,0,0,21995,13328,4112
197,50991,29894,5114,15107,11913,10549,16697,2792,17637,15588,99484,18567,0,3999,27921,0,0,0,0,0,22019,13216,4078
198,50864,29820,5101,15069,11897,10535,16673,2787,17603,15558,99289,18530,0,4007,27976,0,0,0,0,0,21656,13215,4078
199,50911,29847,5106,15083,11887,10526,16659,2770,17496,15463,98686,18418,0,3993,27882,0,0,0,0,0,21825,13379,4128
200,51046,29926,5119,15123,11903,10540,16682,2776,17534,15497,98901,18458,0,4024,28096,0,0,0,0,0,21702,13314,4108
201,50996,29897,5114,15108,11934,10568,16726,2769,17492,15460,98663,18413,0,4018,28053,0,0,0,0,0,22107,13291,4101
202,51054,29931,5120,15125,11902,10539,16680,2775,17525,15489,98850,18449,0,4010,27998,0,0,0,0,0,21644,13241,4086
203,50955,29873,5110,15096,11900,10537,16678,2766,17473,15443,98556,18393,0,3999,27922,0,0,0,0,0,21384,13411,4138
204,51029,29916,5117,15118,11887,10526,16659,2766,17472,15442,98550,18392,0,3978,27775,0,0,0,0,0,22046,13250,4088
205,51020,29911,5116,15115,11964,10594,16767,2777,17540,15502,98935,18464,0,4031,28142,0,0,0,0,0,21756,13199,4073
206,50797,29780,5094,15049,11936,10570,16729,2770,17494,15461,98674,18416,0,4007,27974,0,0,0,0,0,21930,13293,4102
207,51056,29932,5120,15126,11869,10510,16635,2739,17299,15289,97577,18211,0,4003,27953,0,0,0,0,0,21619,13316,4109
208,50922,29853,5107,15086,11957,10587,16757,2757,17412,15390,98217,18330,0,4014,28023,0,0,0,0,0,21556,13232,4083
209,51001,29900,5115,15110,11904,10541,16683,2769,17487,15455,98635,18408,0,4041,28214,0,0,0,0,0,21845,13349,4119
210,50827,29798,5097,15058,11911,10547,16693,2764,17456,15428,98461,18376,0,4009,27991,0,0,0,0,0,21802,13231,4082
211,51069,29940,5121,15130,11959,10590,16760,2772,17509,15475,98762,18432,0,4011,28007,0,0,0,0,0,22021,13239,4085
212,50900,29841,5104,15080,11416,10109,16000,2859,18055,15958,101843,19007,0,4189,29250,0,0,0,0,0,23183,13539,4178
213,50482,29596,5062,14956,11438,10128,16030,2856,18036,15941,101736,18987,0,4212,29408,0,0,0,0,0,23378,13580,4190
214,50917,29851,5106,15085,11426,10118,16013,2878,18178,16066,102535,19136,0,4192,29273,0,0,0,0,0,23213,13565,4186
215,50875,29826,5102,15072,11384,10080,15954,2867,18110,16006,102149,19064,0,4184,29211,0,0,0,0,0,23065,13474,4158
216,50908,29845,5105,15082,11391,10087,15964,2856,18037,15942,101742,18988,0,4197,29301,0,0,0,0,0,22848,13545,4179
217,50855,29814,5100,15066,11383,10080,15953,2876,18162,16052,102444,19119,0,4177,29166,0,0,0,0,0,23020,13544,4179
218,50700,29723,5084,15020,11442,10132,16036,2865,18098,15995,102081,19051,0,4190,29257,0,0,0,0,0,22724,13479,4159
219,50636,29686,5078,15001,11381,10078,15950,2842,17948,15863,101239,18894,0,4178,29170,0,0,0,0,0,22974,13588,4193
220,50922,29854,5107,15086,11418,10111,16002,2856,18040,15945,101757,18991,0,4188,29243,0,0,0,0,0,22920,13518,4171
221,50728,29740,5087,15029,11411,10104,15992,2853,18022,15929,101657,18972,0,4163,29069,0,0,0,0,0,22961,13485,4161
222,50582,29654,5072,14985,11408,10102,15988,2858,18050,15953,101811,19001,0,4191,29261,0,0,0,0,0,23121,13538,4177
223,50836,29803,5098,15061,11463,10150,16065,2854,18024,15930,101665,18974,0,4180,29184,0,0,0,0,0,22904,13528,4174
224,50764,29761,5091,15039,11378,10075,15945,2856,18040,15945,101757,18991,0,4169,29106,0,0,0,0,0,22787,13567,4186
225,50692,29719,5083,15018,11410,10103,15991,2857,18047,15951,101798,18999,0,4195,29292,0,0,0,0,0,22920,13509,4168
226,50530,29624,5067,14970,11416,10109,15999,2843,17954,15868,101269,18900,0,4160,29045,0,0,0,0,0,22655,13564,4185
227,50624,29679,5077,14998,11438,10128,16030,2843,17956,15870,101280,18902,0,4182,29202,0,0,0,0,0,22906,13606,4198
228,50847,29810,5099,15064,11409,10103,15990,2848,17988,15898,101461,18936,0,4198,29309,0,0,0,0,0,22644,13647,4211
229,50584,29656,5073,14986,11371,10069,15937,2847,17982,15893,101431,18930,0,4201,29332,0,0,0,0,0,23050,13564,4185
230,50759,29758,5090,15038,11400,10095,15977,2866,18101,15998,102100,19055,0,4201,29331,0,0,0,0,0,23034,13469,4156
231,50692,29719,5084,15018,11378,10076,15947,2869,18121,16016,102211,19076,0,4190,29253,0,0,0,0,0,22897,13529,4175
232,50712,29730,5086,15024,11415,10108,15998,2852,18013,15921,101604,18963,0,4169,29110,0,0,0,0,0,22827,13424,4142
233,50774,29767,5092,15042,11385,10081,15956,2849,17996,15905,101506,18944,0,4161,29054,0,0,0,0,0,23074,13588,4193
234,50945,29867,5109,15093,11480,10165,16089,2893,18275,16152,103081,19238,0,4191,29264,0,0,0,0,0,23293,13636,4208
235,50818,29793,5096,15055,11426,10118,16013,2880,18190,16077,102602,19149,0,4176,29155,0,0,0,0,0,22832,13530,4175
236,50775,29767,5092,15042,11387,10083,15959,2850,18003,15912,101547,18952,0,4232,29550,0,0,0,0,0,23203,13559,4184
237,50604,29667,5075,14992,11484,10169,16095,2867,18109,16005,102144,19063,0,4196,29298,0,0,0,0,0,22805,13530,4175
238,50864,29820,5101,15069,11418,10110,16002,2849,17992,15902,101486,18940,0,4156,29020,0,0,0,0,0,22764,13512,4169
239,50754,29755,5090,15036,11416,10108,15999,2861,18068,15969,101912,19020,0,4167,29094,0,0,0,0,0,22589,13493,4163
240,50839,29805,5098,15061,11411,10104,15993,2859,18057,15960,101852,19009,0,4190,29258,0,0,0,0,0,22786,13551,4181
241,50920,29853,5106,15086,11362,10061,15924,2856,18037,15942,101738,18987,0,4181,29192,0,0,0,0,0,23149,13619,4202
242,50817,29792,5096,15055,11393,10088,15967,2874,18151,16043,102383,19108,0,4172,29129,0,0,0,0,0,22964,13615,4201
243,52201,30603,5235,15465,12320,10909,17267,3002,18960,16758,106947,19960,0,4318,30149,0,0,0,0,0,24475,13923,4296
244,52637,30859,5279,15594,12355,10940,17315,3031,19145,16921,107991,20154,0,4362,30454,0,0,0,0,0,24949,14072,4342
245,52668,30877,5282,15603,12312,10903,17256,3048,19248,17012,108571,20263,0,4357,30419,0,0,0,0,0,24466,14143,4364
246,52916,31023,5307,15677,12284,10878,17216,3106,19620,17341,110669,20654,0,4415,30827,0,0,0,0,0,25197,14078,4344
247,52951,31043,5310,15687,12353,10938,17312,3156,19936,17620,112451,20987,0,4386,30623,0,0,0,0,0,25500,14030,4329
248,52456,30753,5260,15540,12300,10892,17239,3088,19502,17237,110003,20530,0,4352,30385,0,0,0,0,0,24803,14012,4324
249,52640,30861,5279,15595,12324,10912,17271,3041,19208,16976,108342,20220,0,4345,30335,0,0,0,0,0,24634,14000,4320
250,52304,30664,5245,15495,12331,10919,17282,3035,19171,16944,108135,20181,0,4330,30230,0,0,0,0,0,24425,14024,4327
251,52460,30755,5261,15542,12304,10895,17244,3006,18989,16783,107106,19989,0,4375,30548,0,0,0,0,0,24252,13931,4298
252,52173,30587,5232,15457,12293,10885,17228,3010,19008,16800,107218,20010,0,4360,30439,0,0,0,0,0,24680,13924,4296
253,52246,30630,5239,15478,12280,10873,17210,2998,18934,16735,106799,19932,0,4364,30470,0,0,0,0,0,24486,14013,4324
254,52955,31045,5310,15688,12334,10921,17285,3090,19516,17249,110083,20545,0,4433,30952,0,0,0,0,0,25196,14317,4418
255,52888,31006,5304,15669,12336,10923,17288,3111,19652,17369,110846,20687,0,4418,30850,0,0,0,0,0,25222,14150,4366
256,52567,30818,5272,15573,12313,10903,17257,3020,19076,16860,107600,20081,0,4382,30596,0,0,0,0,0,24685,13950,4304
257,53248,31217,5340,15775,12356,10941,17317,3147,19876,17567,112113,20924,0,4449,31064,0,0,0,0,0,25254,14346,4427
258,53846,31568,5400,15952,12358,10943,17319,3351,21167,18708,119392,22282,0,4565,31872,0,0,0,0,0,26915,14685,4531
259,53579,31411,5373,15873,12355,10940,17315,3238,20450,18074,115349,21528,0,4468,31199,0,0,0,0,0,26442,14186,4377
260,52702,30897,5285,15613,12368,10952,17334,3025,19104,16885,107758,20111,0,4356,30417,0,0,0,0,0,24722,13910,4292
261,52339,30684,5249,15506,12357,10942,17318,3043,19222,16989,108422,20235,0,4334,30260,0,0,0,0,0,24520,13928,4298
262,52789,30948,5294,15639,12297,10889,17234,3039,19194,16964,108264,20205,0,4336,30271,0,0,0,0,0,24895,14052,4336
263,52391,30715,5254,15521,12326,10915,17275,3025,19104,16884,107755,20110,0,4356,30416,0,0,0,0,0,24489,13938,4301
264,52765,30934,5291,15632,12316,10906,17261,3092,19531,17262,110164,20560,0,4397,30702,0,0,0,0,0,24728,14004,4321
265,52730,30914,5288,15622,12394,10975,17371,3068,19374,17124,109284,20396,0,4370,30512,0,0,0,0,0,25030,14418,4449
266,53201,31190,5335,15761,12387,10968,17360,3254,20550,18163,115916,21633,0,4474,31240,0,0,0,0,0,26029,14858,4585
267,56492,33119,5665,16736,12499,11068,17518,3803,24021,21231,135493,25287,0,4830,33721,0,0,0,0,0,30333,15141,4672
268,57873,33929,5804,17145,12608,11165,17671,3893,24588,21732,138691,25884,0,4984,34795,0,0,0,0,0,31672,15366,4742
269,52898,31012,5305,15671,12415,10993,17400,3325,21001,18562,118458,22108,0,4616,32227,0,0,0,0,0,26138,14419,4449
270,53906,31603,5406,15970,12485,11056,17498,3588,22663,20030,127830,23857,0,4558,31827,0,0,0,0,0,26823,14338,4424
271,56030,32848,5619,16599,12546,11110,17584,4096,25869,22864,145914,27232,0,4747,33144,0,0,0,0,0,30467,14625,4513
272,59167,34687,5933,17529,12619,11174,17685,4269,26964,23832,152092,28385,0,4902,34226,0,0,0,0,0,33417,14626,4513
273,60584,35518,6076,17949,13575,12021,19025,4527,28593,25272,161281,30100,0,5596,39068,0,0,0,0,0,33658,16400,5060
274,58987,34582,5915,17475,13535,11985,18969,4425,27945,24699,157627,29418,0,5577,38935,0,0,0,0,0,33069,16605,5124
275,56628,33199,5679,16776,13452,11912,18853,4042,25529,22564,143999,26875,0,5290,36937,0,0,0,0,0,30938,16355,5047
276,56099,32889,5626,16620,13431,11893,18824,3937,24863,21975,140239,26173,0,5256,36697,0,0,0,0,0,29359,16327,5038
277,58665,34393,5883,17380,13552,12000,18993,4455,28140,24871,158723,29623,0,5541,38688,0,0,0,0,0,33785,16483,5086
278,59371,34807,5954,17589,13516,11968,18942,4573,28879,25525,162895,30402,0,5523,38559,0,0,0,0,0,35517,16456,5078
279,57826,33901,5799,17131,13427,11890,18818,4174,26363,23301,148704,27753,0,5329,37208,0,0,0,0,0,32880,16261,5018
280,57334,33613,5750,16986,13442,11903,18839,4037,25494,22533,143802,26838,0,5285,36898,0,0,0,0,0,31215,16071,4959
281,59625,34956,5979,17664,13474,11931,18883,4238,26765,23656,150971,28176,0,5323,37166,0,0,0,0,0,32092,16804,5185
282,65588,38452,6577,19431,13707,12137,19210,5408,34156,30188,192658,35956,0,5866,40953,0,0,0,0,0,39794,18097,5584
283,66515,38995,6670,19706,13650,12087,19131,5299,33464,29577,188755,35228,0,5957,41591,0,0,0,0,0,41060,18366,5667
284,63597,37284,6378,18841,13607,12049,19070,4896,30921,27330,174413,32551,0,6031,42106,0,0,0,0,0,41246,17346,5352
285,58913,34538,5908,17453,13541,11991,18978,4299,27154,24000,153164,28585,0,5432,37928,0,0,0,0,0,32685,16741,5166
286,62511,36648,6269,18519,13648,12086,19128,4788,30240,26728,170572,31834,0,5615,39204,0,0,0,0,0,35249,17976,5547
287,66391,38923,6658,19669,13801,12221,19343,5369,33906,29968,191248,35693,0,6064,42336,0,0,0,0,0,41623,19189,5921
288,63930,37480,6411,18940,13811,12230,19356,5187,32762,28956,184793,34488,0,6275,43811,0,0,0,0,0,41471,18079,5579
289,55667,32636,5582,16492,13395,11861,18773,3790,23939,21158,135030,25201,0,5119,35742,0,0,0,0,0,28928,16378,5054
290,55079,32291,5524,16318,13484,11940,18898,3671,23186,20492,130780,24408,0,5147,35939,0,0,0,0,0,27466,16403,5061
291,54902,32187,5506,16265,13420,11883,18808,3560,22483,19871,126816,23668,0,5048,35243,0,0,0,0,0,26933,16121,4974
292,56074,32874,5623,16612,13430,11892,18822,3901,24636,21774,138962,25935,0,5283,36889,0,0,0,0,0,29282,17322,5345
293,55355,32453,5551,16399,13465,11923,18871,3773,23832,21063,134423,25088,0,5294,36966,0,0,0,0,0,28063,16833,5194
294,62857,36850,6304,18622,13470,11927,18878,4201,26531,23449,149647,27929,0,5294,36964,0,0,0,0,0,31169,18293,5644
295,70101,41098,7030,20768,13844,12259,19403,5947,37558,33195,211846,39537,0,6094,42550,0,0,0,0,0,42487,19474,6009
296,64052,37551,6423,18976,13829,12246,19381,5065,31992,28276,180451,33678,0,5844,40801,0,0,0,0,0,37199,19928,6149
297,73053,42828,7326,21642,14096,12482,19755,6373,40250,35575,227033,42372,0,6296,43962,0,0,0,0,0,46944,19845,6124
298,79967,46881,8020,23691,14341,12698,20098,7518,47481,41965,267816,49983,0,7108,49627,0,0,0,0,0,57540,22235,6861
299,98309,57635,9859,29125,14827,13129,20780,9189,58031,51291,327326,61090,0,8133,56781,0,0,0,0,0,76510,23350,7205
300,90954,53323,9121,26946,14710,13025,20615,8386,52963,46811,298737,55754,0,7345,51281,0,0,0,0,0,58606,22551,6958
301,75630,44339,7585,22406,14369,12723,20138,6604,41708,36863,235253,43906,0,6514,45480,0,0,0,0,0,45370,21079,6504
302,61410,36002,6158,18193,14042,12434,19680,4826,30480,26939,171923,32086,0,5956,41585,0,0,0,0,0,34134,19134,5904
303,68867,40374,6906,20402,14150,12529,19831,6208,39208,34653,221152,41274,0,6419,44820,0,0,0,0,0,42016,19520,6023
304,117776,69048,11811,34892,21563,19094,30220,10208,64465,56977,363617,67863,0,10887,76011,0,0,0,0,0,72756,34289,10581
305,110053,64520,11037,32604,21472,19013,30092,9473,59829,52879,337464,62982,0,10221,71357,0,0,0,0,0,64711,30968,9556
306,97948,57423,9823,29018,21096,18680,29566,7662,48392,42770,272953,50942,0,9412,65712,0,0,0,0,0,50388,29647,9148
307,102310,59981,10260,30311,21322,18880,29882,8576,54164,47872,305510,57018,0,9662,67461,0,0,0,0,0,55288,30885,9530
308,112665,66051,11299,33378,21624,19148,30306,10076,63634,56243,358929,66988,0,10595,73971,0,0,0,0,0,66809,33887,10457
309,117297,68767,11763,34750,21803,19307,30557,10889,68765,60777,387868,72389,0,10814,75502,0,0,0,0,0,72160,33283,10270
310,120529,70662,12088,35708,21725,19238,30448,10674,67411,59581,380234,70965,0,10484,73196,0,0,0,0,0,73942,33402,10307
311,133176,78076,13356,39455,22095,19565,30966,11832,74720,66041,421458,78658,0,11852,82749,0,0,0,0,0,90010,33201,10245
312,116972,68576,11731,34654,21634,19157,30320,10890,68775,60786,387924,72400,0,10879,75952,0,0,0,0,0,75799,32260,9955
313,117231,68728,11757,34731,21684,19201,30389,10570,66755,59001,376532,70274,0,10732,74931,0,0,0,0,0,73715,32620,10066
314,117790,69056,11813,34897,21820,19322,30581,10474,66150,58466,373119,69636,0,10608,74062,0,0,0,0,0,69293,33284,10271
315,126183,73976,12655,37383,21890,19384,30679,11571,73073,64585,412169,76925,0,10990,76729,0,0,0,0,0,77395,34161,10541
316,138160,80998,13856,40931,21836,19336,30603,12430,78496,69378,442758,82634,0,11315,78996,0,0,0,0,0,88667,33324,10283
317,123901,72639,12426,36707,21304,18864,29857,10133,63992,56559,360949,67365,0,10340,72194,0,0,0,0,0,76669,32184,9931
318,119205,69886,11955,35316,21388,18939,29975,10206,64452,56966,363543,67849,0,10749,75047,0,0,0,0,0,70167,31980,9868
319,111871,65586,11219,33143,21114,18696,29590,8773,55404,48969,312508,58325,0,9731,67942,0,0,0,0,0,59718,31764,9802
320,114428,67085,11476,33900,21083,18669,29548,9483,59890,52933,337811,63047,0,9763,68162,0,0,0,0,0,65468,30945,9549
321,117233,68730,11757,34732,21211,18783,29727,9777,61747,54575,348286,65002,0,9820,68561,0,0,0,0,0,66126,31095,9595
322,118513,69480,11885,35111,21250,18817,29782,9887,62441,55188,352200,65732,0,10461,73038,0,0,0,0,0,69002,32270,9958
323,136669,80124,13706,40490,21565,19096,30224,11233,70942,62701,400148,74681,0,10878,75947,0,0,0,0,0,78229,33523,10344
324,181136,106193,18166,53664,22340,19782,31310,16015,101138,89390,570470,106469,0,12633,88196,0,0,0,0,0,110400,39406,12160
325,189824,111287,19037,56238,23782,21059,33331,19979,126174,111518,711683,132824,0,14449,100877,0,0,0,0,0,132388,40743,12573
326,182389,106928,18292,54035,23641,20934,33132,18788,118653,104870,669259,124907,0,14143,98739,0,0,0,0,0,127801,39840,12294
327,170039,99688,17053,50376,23523,20830,32967,17568,110948,98060,625800,116796,0,14407,100586,0,0,0,0,0,126191,39136,12076
328,144974,84993,14539,42950,23151,20500,32446,14582,92089,81392,519425,96942,0,13674,95466,0,0,0,0,0,104184,38028,11735
329,132901,77915,13328,39373,22440,19871,31450,12409,78366,69263,442021,82496,0,12904,90089,0,0,0,0,0,88336,36471,11254
330,143267,83992,14368,42444,22701,20102,31815,14160,89424,79037,504395,94137,0,12914,90159,0,0,0,0,0,93684,37319,11516
331,158426,92879,15888,46936,23060,20419,32318,16737,105699,93421,596194,111270,0,13643,95254,0,0,0,0,0,114094,38243,11801
332,143260,83988,14367,42442,23236,20576,32565,16211,102378,90486,577460,107774,0,13861,96775,0,0,0,0,0,108564,39003,12035
333,116037,68028,11637,34377,22607,20018,31683,11499,72621,64185,409618,76449,0,12038,84042,0,0,0,0,0,71403,35959,11096
334,135165,79242,13555,40044,26742,23680,37479,11802,74532,65874,420396,78460,0,13573,94761,0,0,0,0,0,68638,46715,14415
335,144579,84761,14500,42833,26098,23110,36576,12746,80493,71143,454019,84735,0,13077,91299,0,0,0,0,0,77344,44936,13866
336,154461,90555,15491,45761,26397,23374,36994,14259,90047,79587,507909,94793,0,14006,97788,0,0,0,0,0,89464,47239,14577
337,158467,92903,15892,46948,27222,24105,38150,16076,101526,89733,572656,106877,0,15127,105610,0,0,0,0,0,101870,51649,15938
338,185243,108601,18578,54880,28334,25090,39710,20264,127974,113109,721834,134719,0,17501,122183,0,0,0,0,0,130905,53857,16619
339,175888,103117,17640,52109,28216,24985,39545,19394,122475,108249,690821,128931,0,16627,116085,0,0,0,0,0,120556,51333,15840
340,172555,101163,17305,51121,28108,24890,39393,17309,109309,96612,616554,115070,0,15947,111338,0,0,0,0,0,108727,51217,15805
341,176610,103540,17712,52323,27892,24699,39091,17373,109715,96971,618849,115498,0,16150,112757,0,0,0,0,0,112116,50655,15631
342,199053,116698,19963,58972,28447,25189,39867,20523,129608,114553,731053,136439,0,17012,118769,0,0,0,0,0,129640,54434,16797
343,233461,136870,23414,69166,29761,26353,41709,26172,165281,146082,932263,173992,0,19241,134330,0,0,0,0,0,165007,57015,17594
344,232798,136481,23347,68969,29763,26355,41712,25873,163392,144413,921611,172004,0,19823,138396,0,0,0,0,0,168993,57629,17783
345,201669,118231,20225,59747,28650,25369,40152,21018,132734,117316,748686,139730,0,17451,121835,0,0,0,0,0,133458,54266,16745
346,182246,106844,18277,53993,28450,25192,39871,18681,117978,104274,665453,124196,0,16522,115352,0,0,0,0,0,114936,52299,16138
347,187535,109945,18808,55560,28228,24996,39561,19231,121446,107339,685014,127847,0,16488,115115,0,0,0,0,0,119279,53063,16374
348,242337,142073,24304,71795,30427,26943,42643,26162,165219,146027,931914,173927,0,19669,137322,0,0,0,0,0,161049,60198,18576
349,285065,167124,28589,84454,33596,29749,47084,36063,227746,201292,1284599,239750,0,23980,167416,0,0,0,0,0,222747,67136,20717
350,238496,139822,23919,70658,31391,27796,43994,27205,171807,151850,969075,180863,0,21023,146774,0,0,0,0,0,171640,61220,18891
351,190732,111819,19128,56507,28745,25453,40285,18925,119516,105633,674129,125816,0,16649,116239,0,0,0,0,0,112865,53242,16429
352,202788,118887,20337,60078,29559,26175,41427,19946,125965,111333,710501,132604,0,17722,123727,0,0,0,0,0,119717,59673,18414
353,258072,151298,25882,76457,31312,27727,43884,27488,173594,153430,979155,182744,0,21328,148904,0,0,0,0,0,173748,60637,18711
354,219127,128466,21976,64919,29118,25784,40809,22526,142260,125735,802413,149758,0,17836,124522,0,0,0,0,0,140780,53625,16548
355,201829,118325,20241,59794,28666,25384,40175,21283,134408,118795,758124,141492,0,17174,119905,0,0,0,0,0,133429,52466,16190
356,183750,107726,18428,54438,28447,25190,39868,20410,128893,113921,727021,135687,0,16609,115960,0,0,0,0,0,124136,51129,15777
357,180460,105797,18098,53463,27964,24762,39191,18327,115742,102298,652842,121843,0,15845,110621,0,0,0,0,0,112950,51033,15748
358,176162,103278,17667,52190,28042,24831,39300,17742,112048,99032,632004,117953,0,15811,110387,0,0,0,0,0,106603,52486,16196
359,198128,116155,19870,58698,30076,26632,42150,22120,139694,123467,787941,147057,0,18221,127212,0,0,0,0,0,137404,57390,17709
360,166763,97767,16724,49406,27533,24380,38587,16469,104008,91927,586655,109490,0,15047,105055,0,0,0,0,0,94855,50440,15565
361,156749,91896,15720,46439,26797,23729,37556,14787,93387,82539,526749,98309,0,14251,99495,0,0,0,0,0,88757,49741,15349
362,209245,122673,20985,61991,28678,25394,40192,21306,134551,118922,758933,141643,0,17525,122349,0,0,0,0,0,136071,54394,16785
363,202000,118426,20258,59845,28603,25327,40086,21579,136276,120446,768661,143458,0,17219,120214,0,0,0,0,0,134482,53948,16647
364,207777,121812,20838,61557,29463,26090,41292,22493,142051,125551,801236,149538,0,18473,128968,0,0,0,0,0,133848,56883,17553
